test_index,true_label,predicted_label,score_positive,is_error,pca1,pca2,tsne1,tsne2,umap1,umap2
0,-1,-1,0.15911255411255412,False,-0.8611721224294646,-3.585204454669207,-1.7216834,-7.270906,4.0388317,5.4454136
1,-1,-1,0.010227272727272727,False,-1.0520509720350633,1.6528060603992913,-5.535257,6.3875055,4.559093,9.458191
2,-1,-1,0.41234848484848485,False,0.17040254869304808,-0.35019756306025956,-1.924337,-1.7142996,3.310291,7.278883
3,1,1,0.9337770562770562,False,4.471418069218416,-0.6933335581398344,5.77655,-4.0523705,1.1815648,6.9061155
4,-1,-1,0.33984848484848473,False,1.8436600203646478,-2.035937991327641,1.510703,-5.673286,2.8064406,5.5196595
5,1,1,0.9812878787878787,False,-3.528272982100615,-0.1495016126692678,-9.638201,-1.2027547,5.8420134,6.5724087
6,-1,-1,0.1960606060606061,False,1.6452187660240112,-2.3116576021632427,10.800661,-5.572238,2.6806285,6.1886563
7,-1,-1,0.09325757575757573,False,-2.247930707112732,3.981367903388859,-4.474213,8.183667,4.743245,9.71927
8,-1,1,0.5267207792207792,True,0.7081623180446898,1.0056705509561594,-0.8771249,-3.1457784,4.02302,6.4330683
9,1,1,0.9204545454545454,False,-1.7195665147325163,-0.38454132394178514,-2.7636735,2.5219617,4.236358,8.312946
10,1,1,0.912878787878788,False,-1.801767771884172,-1.4027903598373062,-4.042069,-2.1698358,4.7805285,6.8557043
11,1,1,0.9256060606060604,False,-1.8568220720404633,0.6182316766351137,-2.7558775,5.3239064,5.2353244,9.376539
12,-1,-1,0.19909090909090912,False,0.8700235876740817,-2.5419372785743666,-0.8270744,-5.6691685,3.5661802,5.6589828
13,1,1,0.7837121212121214,False,-0.21501234212513057,3.462693869725069,0.91685444,4.6754904,3.7442548,9.878367
14,1,1,0.7850000000000003,False,3.1239838200178704,1.6500724552130968,4.63428,-0.25069237,1.5097553,8.553938
15,-1,-1,0.044848484848484846,False,-2.403691746705814,2.3245631122204826,-4.672643,5.9153123,5.021046,9.398299
16,-1,-1,0.34291666666666665,False,2.562495977027032,-0.7318099888299489,5.7007637,-3.9950972,1.4014301,7.1247845
17,1,1,0.989090909090909,False,-3.293649586942818,-1.2024309936567175,-5.1766744,3.910491,5.6082606,8.855434
18,-1,-1,0.281017316017316,False,2.9966670234759647,-3.106798882768151,5.2912827,-6.9369407,1.3131502,7.0897965
19,-1,-1,0.044502164502164494,False,0.025026436491421902,-0.3145944900739363,0.65133303,-2.3661337,4.377745,6.7683725
20,-1,-1,0.39265151515151514,False,1.8231198790014398,-1.0812905361665894,2.6072938,-2.1845694,2.2412913,7.5350633
21,-1,-1,0.05378787878787879,False,3.3507658867748313,-1.3419767929810018,8.152884,-1.5210065,1.5531658,7.1298876
22,-1,-1,0.07622294372294372,False,4.198982605290063,1.7992694140131376,7.5383153,2.230057,2.1416461,8.860872
23,1,1,0.7142261904761904,False,-1.7524259702776506,0.11142780019169825,-4.993125,-0.0800747,4.9042077,7.199987
24,1,1,0.8138203463203463,False,1.091816252015496,-2.882704369652499,2.5314813,-4.5412207,2.287389,6.704363
25,1,1,0.9635606060606061,False,3.292962598186821,-1.425398607960833,5.0195894,-4.2855062,1.43988,7.0179734
26,1,1,0.5318939393939394,False,2.0215572476161467,-0.6276615115923174,8.040928,-1.3539774,1.8803362,7.15538
27,-1,-1,0.2987121212121212,False,-0.26226856437618407,-2.576419149097124,0.06975272,-5.768573,3.278495,5.516597
28,-1,-1,0.44504870129870144,False,4.054442933567065,0.16948011367674495,6.65592,-2.0683417,1.0836992,7.165246
29,-1,-1,0.03939393939393939,False,1.8559317613260873,0.19985428678194408,7.876295,-9.683386,2.65246,7.6323013
30,-1,-1,0.07542207792207792,False,-3.7880248809085004,2.3985405592245903,-7.4863353,5.4271336,5.4663653,8.238951
31,1,1,0.7971212121212119,False,0.23218256779046734,4.755306323992824,1.5681548,4.503822,2.8981411,9.892201
32,1,1,0.8008044733044734,False,0.8865160279426678,1.741099561144484,-0.10911276,2.226513,3.2621906,8.608406
33,-1,-1,0.299090909090909,False,-0.9405410886987474,-2.8482416674913025,-3.606586,-5.0814238,4.4435177,6.1018524
34,1,1,0.793939393939394,False,3.237202428761374,-3.001363517343387,9.878384,-5.71721,2.2984521,6.0530195
35,-1,-1,0.2084090909090909,False,-3.024304207609997,2.431825632070544,-2.1242995,4.4971066,5.1069064,9.011001
36,1,1,0.7533333333333334,False,3.6349449776416334,2.0692069063407934,5.270821,0.35613978,1.2506856,8.512288
37,1,1,0.9522727272727273,False,-4.214115638914407,-1.773031018500065,-5.327163,4.2027206,5.7956314,8.953287
38,1,1,0.8271969696969697,False,2.3757721941023497,-3.869588285201208,6.593124,-7.5368714,2.188368,5.6841674
39,1,1,0.9278030303030304,False,-0.8617730408472987,0.684179929099015,-1.4509326,1.3992441,3.9297009,7.797461
40,1,1,0.6948376623376624,False,-0.5102198579236074,-0.23087797375175337,-0.98571336,-0.8319705,3.9365797,8.099831
41,1,1,0.8862121212121213,False,-3.8647270315214506,-0.6227642595272852,-8.238471,-0.5934265,5.932046,6.9009657
42,1,1,0.7268831168831166,False,-0.19481056212431655,-1.8039422336131739,-9.691365,-5.387699,4.6270633,6.4410596
43,1,1,0.8399242424242426,False,1.8533133914778637,-1.520663065827542,4.7053514,-1.778724,2.2539685,7.6987
44,-1,-1,0.3759902597402598,False,0.869189045772879,-2.210032390755279,-1.7002442,-4.864376,2.9821901,5.9537244
45,1,1,0.9738636363636364,False,6.046568761147197,-1.3024678578461963,6.0178466,-4.256646,0.95554066,6.907361
46,1,-1,0.19258658008658006,True,0.5264915818020759,0.6797296488698467,1.8227587,3.8849645,3.383789,8.90768
47,1,1,0.8692424242424245,False,-0.27713414786324997,2.4457952509908094,-0.5047328,4.6569705,3.7361686,9.329369
48,-1,-1,0.11954545454545455,False,2.4929599971903285,-0.8721824886074239,6.832077,-2.6041768,1.8010488,6.6033587
49,-1,-1,0.3740584415584416,False,4.01517515500167,1.3051317823725952,4.4320245,0.41954133,1.1097322,8.227135
50,1,1,0.9647727272727272,False,-2.4083392654660924,-1.7035945422707484,-6.5050864,-4.4123087,5.0137134,6.3868356
51,-1,-1,0.3166666666666667,False,0.19097554113085172,2.4557320433572687,2.287412,0.97657466,3.3755083,8.247666
52,-1,-1,0.3937121212121212,False,-2.9301610820883957,2.0346812278314546,-7.6105027,6.4792953,5.7559733,8.687558
53,1,1,0.7323051948051947,False,0.02241741622027528,-1.5609014780118489,0.8153614,-3.1045973,2.980839,6.8673363
54,1,1,0.9344696969696968,False,-1.5468934384689554,-3.3233584498871247,-4.5726705,-6.3722873,4.479046,5.4972677
55,-1,-1,0.09867424242424243,False,0.5424670493553754,0.601607846379245,1.8619294,-0.9853063,2.776781,7.852431
56,1,1,0.9325757575757575,False,-2.527998523620269,-1.2806871739417613,-4.838759,-3.9149544,5.525441,6.147146
57,-1,-1,0.21363636363636362,False,-0.5732358281957846,3.948653365905317,0.4848588,7.5754247,4.224807,10.090218
58,-1,1,0.7356060606060608,True,0.9818490464230405,1.6234459782314694,2.4481747,2.8809736,2.6137295,8.524234
59,-1,-1,0.0787121212121212,False,-1.5028114797953698,1.5353652864812029,-5.4533296,5.3052654,4.923831,8.540489
60,1,1,0.9490151515151514,False,3.6502458406734646,0.05037409953353964,4.9707117,-2.7335033,0.99445003,7.6230597
61,-1,-1,0.1452272727272727,False,2.6353587736969954,-1.4163484411858014,9.054461,-2.5474453,2.1368785,7.079901
62,1,-1,0.4987878787878788,True,-2.7502316215347564,-0.18717823028434197,-6.024331,3.375157,5.27944,8.536807
63,1,-1,0.48939393939393944,True,2.371239122822685,1.8618135229690975,3.3244438,1.2186893,1.7805573,8.77583
64,1,1,0.7957142857142857,False,-2.7349647605746656,1.4579127383550163,-4.3810678,4.2828293,5.2978344,9.1524105
65,1,-1,0.4388311688311688,True,0.049378811428881446,-1.3139342048759564,-0.4285655,-2.968338,3.5399296,6.536779
66,-1,-1,0.23196969696969702,False,-2.0061387179722887,4.218069128472709,-7.02468,9.287247,4.5142064,10.076189
67,1,1,0.7962878787878788,False,0.941373368012845,1.477363727707187,0.7337709,1.0789341,3.0103364,8.487914
68,-1,-1,0.4581349206349206,False,3.1051587827204683,0.588961306552677,6.9662294,-0.15444496,1.8811113,7.6678376
69,-1,1,0.7536363636363638,True,-2.2979670776566685,-3.8218292271028615,-4.6567955,-6.4577084,4.350202,5.6544514
70,1,1,0.9501893939393941,False,-3.838042068600279,-1.8705733236469695,-6.4689612,-1.400727,5.572795,6.578588
71,-1,-1,0.18545454545454548,False,-0.7984161931558477,1.4350172734102582,-3.7120218,6.580546,4.6307125,9.084878
72,1,1,0.9617424242424242,False,-1.9601118124895354,0.6243977658249349,-3.4422987,6.791024,5.031336,8.849563
73,1,1,0.8367424242424243,False,-3.535428310661949,-1.4833056718745816,-4.9914265,-0.7656283,5.370663,7.445569
74,1,1,0.6963203463203462,False,-4.556177399644916,1.595451970168973,-8.299885,0.17455897,6.1734605,7.579821
75,-1,-1,0.10606060606060609,False,3.428539847589817,-0.7633510141190687,6.8531227,-2.0806198,1.578899,7.6067924
76,1,1,0.8442424242424243,False,-3.6909134164883093,-0.6629816940264434,-4.8002815,-1.250437,5.1966233,7.5389113
77,-1,-1,0.4226298701298701,False,1.8826071125309478,4.25196204221431,1.2654039,6.886409,3.4626057,10.4099245
78,1,1,0.9536363636363637,False,3.676705028968433,-1.0658908117816335,6.496142,-5.7647963,1.0035915,6.690412
79,-1,-1,0.175530303030303,False,2.3527223124896337,1.239378220207385,4.973702,1.5896441,2.1490395,8.7342415
80,1,-1,0.45668831168831164,True,1.782749249522338,1.1436108182226035,1.2583982,0.91806674,2.692666,8.170336
81,-1,1,0.8361363636363635,True,-1.6055702718678189,-2.309132597872448,-3.3990586,-5.6411347,4.667393,5.597639
82,-1,-1,0.33416666666666667,False,2.779586111304269,1.3709874856521047,4.5732512,-0.332307,1.4965171,8.2679825
83,1,1,0.8755411255411257,False,-3.052558984601462,0.7328968726712013,-8.977479,2.4683,6.1536984,7.4574037
84,1,1,0.6425,False,-3.4958049051175744,-2.434583143252572,-2.9277837,1.5769131,4.586903,7.5881786
85,1,1,0.7711363636363636,False,1.4547931244026149,-0.8872539265440663,5.7749057,-2.0069973,2.269724,7.458298
86,1,1,0.6809090909090908,False,0.8014591640836165,-1.3196011785342723,9.743462,0.84641373,2.920202,7.5035095
87,1,1,0.7476515151515151,False,2.732016193834972,3.007636569324833,4.4225454,4.9320126,2.5310192,9.644796
88,1,1,0.821060606060606,False,3.5949031234464197,1.7500938737847849,4.3790116,0.54177886,1.9419951,8.482277
89,1,1,0.9129545454545454,False,1.0926329637559615,3.7748248424794117,3.8171303,2.6500149,2.0557914,9.220513
90,-1,-1,0.40574675324675324,False,3.2080511845389834,-1.006127915801246,5.297066,-3.3206265,1.1436409,7.2012954
91,-1,-1,0.08393939393939395,False,-2.7887568482927905,4.498574807042922,-5.8636765,8.009549,4.577195,10.008005
92,-1,-1,0.38547979797979803,False,2.9906826657417853,-1.036680675470487,7.9583635,-4.8462915,1.7988611,6.023793
93,-1,-1,0.24166125541125544,False,-0.6219416011528881,-3.879313039608299,-3.3589118,-7.674996,3.8961837,5.2514453
94,1,1,0.7976515151515152,False,-4.824533464151128,-1.172262210904844,-6.9653416,2.6397655,5.946504,7.9297676
95,-1,-1,0.2239177489177489,False,1.708378076661954,-0.5774745740937479,0.7930817,0.08556043,2.5396106,7.3965592
96,-1,-1,0.4627651515151514,False,3.1374246793812834,3.094809895352738,4.278379,2.0436172,1.886204,9.081893
97,1,-1,0.2838419913419914,True,0.5364115258845502,-0.4450633360206877,1.241469,-3.5707443,2.986543,6.818211
98,1,1,0.7231006493506494,False,-3.752528127816403,0.31743534278428254,-8.992656,0.560723,6.155629,7.28437
99,-1,-1,0.4974891774891773,False,-0.17519273697616933,-2.423077074565094,-2.378067,-6.5049148,3.1692374,6.49147
100,-1,-1,0.13809523809523808,False,0.9100407735617753,3.75662850667017,1.5410427,4.1478605,3.0290563,9.633134
101,1,1,0.5721103896103895,False,-0.7092892150702549,0.7230254528798834,-3.125703,-0.5666675,4.367767,7.5536027
102,-1,-1,0.4628463203463203,False,-1.3877227759859683,0.2714382821561296,-7.015278,-0.6776253,5.1304297,7.1069174
103,1,1,0.8603030303030303,False,-2.5635901221652047,1.1201072655906226,-6.706509,1.1099677,5.445678,7.5668535
104,-1,-1,0.11712121212121211,False,-2.9939483700404166,0.46144629751151334,-9.297477,0.17504962,5.78577,6.9614263
105,1,1,0.7733874458874457,False,4.909460646502816,2.3551932828436377,6.0624886,5.2069683,2.0951662,9.731112
106,-1,1,0.7929545454545452,True,2.979460035424446,-0.07754496515267911,6.1104727,-3.005977,1.1422694,7.3063006
107,-1,1,0.6757575757575757,True,-0.06050582329647351,-2.4265846481122106,-1.0714511,-6.0592713,3.8491552,5.7788424
108,1,1,0.9491666666666665,False,-3.091540426854397,2.0196058532394994,-6.9979377,1.7784466,5.346293,8.033478
109,1,1,0.8780303030303033,False,-2.259658708938098,0.4962378095349034,-2.028364,5.7846355,4.673696,9.43133
110,1,1,0.8147727272727274,False,0.5424486414418562,4.770719514554412,1.837942,4.5495777,2.8721738,9.9598875
111,-1,1,0.5831818181818182,True,-0.6202994431295935,2.4741138940855723,-1.3200867,6.634258,4.431302,9.776077
112,1,1,0.5454220779220779,False,-1.6229847907964128,-0.0562147465303325,-7.1538835,-2.7453167,4.513769,7.264076
113,-1,-1,0.11462121212121212,False,3.856321469440164,5.142020749277027,3.5661097,2.4604754,1.7899863,9.607224
114,-1,-1,0.10174242424242425,False,1.2511729441700303,-0.921367711986259,1.7219797,3.001812,2.8656,7.5450406
115,-1,-1,0.2151082251082251,False,-1.0075937362582712,1.8005450871512398,-1.5619229,6.654624,4.148043,9.546452
116,1,1,0.9256926406926406,False,-2.542927303436577,1.2372556288648024,-5.7898073,1.0831712,5.249726,7.6319275
117,-1,-1,0.15285714285714286,False,-0.8599598140342477,-0.6325737830608281,-6.982031,-3.163642,4.098466,6.9934444
118,1,1,0.7231060606060605,False,3.4054161400801686,-1.0790994057985677,6.704865,-3.2266495,1.5413574,6.8085384
119,-1,-1,0.07511904761904761,False,0.19241836447464342,3.3237940320979695,1.3099073,3.8536272,3.3628547,9.619241
120,-1,-1,0.21613636363636363,False,-0.2801088912120087,3.6613928989150732,2.1933916,6.797477,3.4310799,9.728595
121,1,1,0.7366666666666667,False,-2.807764368541342,0.7662634618316937,-6.3524404,1.1982756,5.387452,7.604448
122,1,1,0.9283333333333335,False,-3.7238526684788402,-2.307011864520756,-5.380912,-2.3244128,5.4168925,6.3079753
123,-1,1,0.5050757575757576,True,0.21820317373011286,1.3568678258831224,0.7727962,1.0651072,3.063357,8.11808
124,-1,1,0.5922619047619048,True,4.6676095148720425,-1.5454913562441757,6.9023633,-3.3186455,1.2741867,6.884242
125,1,1,0.850151515151515,False,0.10864273116226339,1.6745215948720449,-0.7205671,2.2447796,3.8598,8.646741
126,-1,-1,0.18747835497835497,False,2.0072972505647937,-1.4384307370348641,7.097004,-4.521057,2.166153,6.528776
127,-1,-1,0.10664502164502163,False,0.38605175357450794,1.499006574885604,-0.5491861,6.779253,3.961595,9.814593
128,1,1,0.9081818181818182,False,-2.808523286692334,0.9710063540005246,-4.836055,4.2679787,5.6562605,9.177833
129,-1,1,0.6029653679653679,True,-1.0224811514329095,0.25103045469618723,-2.4226606,3.7939763,4.2158084,8.634778
130,1,1,0.9236742424242425,False,-1.452154383775875,0.2605277460385277,-3.4999154,2.1587608,4.2600865,8.207721
131,1,-1,0.39906926406926413,True,2.9803075922352527,2.983838539316779,4.9955654,1.800633,1.4559904,9.245856
132,-1,-1,0.2992424242424242,False,0.5706035369873431,4.663915282524764,2.2578201,5.370143,2.8180556,9.927485
133,1,1,0.8820454545454544,False,3.603676349864127,-0.6490947991603984,2.794883,-1.4528947,1.3410646,7.8651156
134,-1,-1,0.07914502164502164,False,3.7793507898013536,2.628294176339525,4.278818,5.494967,2.7025864,9.777717
135,1,1,0.8374350649350649,False,-1.022845142445029,-0.7000465375274195,-2.652235,3.6823454,4.4387875,8.625211
136,-1,1,0.6016883116883117,True,-2.8841090302632697,1.107295056305929,-4.372881,5.704972,5.3496933,9.152129
137,1,1,0.8436363636363637,False,-1.941477774664796,2.024357354141941,-5.5327325,0.7303236,4.982267,7.72734
138,-1,1,0.6760101010101012,True,1.2733174214066982,2.5092440431639695,3.2933908,1.137657,2.409056,8.615902
139,-1,-1,0.19893939393939392,False,1.8773176309554465,-2.2627131338878526,10.373081,0.54720473,2.6497064,7.1101685
140,-1,-1,0.2734956709956709,False,2.2036169916073325,-2.3247911743206906,3.334989,-10.607385,2.8131793,6.2166476
141,1,1,0.7681818181818183,False,1.8461106296697964,3.031625869891697,4.2551,2.2166665,1.6102427,9.468324
142,1,1,0.9662878787878787,False,4.87252704698656,-1.854571110540511,6.4459815,-5.423836,1.2000822,6.378532
143,-1,-1,0.2095454545454545,False,0.9351682688973636,-0.7563106183370275,3.4111814,-1.9755464,2.3978992,7.340375
144,-1,-1,0.11621212121212121,False,-0.9438013638769734,-3.936874891356748,-0.775051,-7.5630603,3.701001,5.4315357
145,1,1,0.8136363636363635,False,-1.6910185362985342,1.522262872134294,-5.298114,0.84954053,5.034255,7.909704
146,1,1,0.5252272727272728,False,3.2956736055746485,1.342693506533843,5.0725455,3.9308007,2.2040424,9.289397
147,-1,-1,0.09075757575757577,False,0.6037795857896517,0.3155504226660246,-0.86732686,0.9475084,3.6184924,7.9393377
148,-1,-1,0.11424242424242426,False,1.293337492837017,-2.405939451005209,8.697547,-0.18406332,2.6843348,6.672957
149,-1,-1,0.326504329004329,False,1.034937854565999,0.1252636585255714,3.039612,-1.7358708,2.1211934,7.87919
150,1,1,0.7347727272727271,False,-1.789162383354795,-0.7936056748187366,-7.0075364,-3.3285353,4.1524863,7.0280623
151,-1,-1,0.10719696969696968,False,-1.7785337621492157,1.3854599889538086,-2.5549085,6.835062,5.0895343,9.554148
152,1,1,0.9506818181818182,False,-2.0937055695337694,-1.4135067095925913,-8.1527405,-3.1095471,5.1179976,6.668965
153,-1,-1,0.11431818181818183,False,1.845819652622186,2.685574556178682,1.8925675,1.551805,2.353377,8.759425
154,-1,-1,0.15113636363636362,False,1.7663260560828877,1.914571883522464,8.130134,5.3335934,3.638548,9.2459345
155,1,-1,0.49383116883116873,True,-0.5500524049934247,-0.003966160582476307,-5.7264433,-1.8342426,4.3747997,7.1436977
156,1,1,0.9866666666666668,False,4.5219550403380655,-2.077644499236989,6.729757,-4.8964376,1.2628595,6.414072
157,1,1,0.8638528138528138,False,-5.928349307779364,1.3380352572624628,-8.455566,2.69389,6.4463983,7.8030076
158,1,-1,0.33335497835497835,True,1.7500205575763512,-2.074033253046172,0.9357438,-6.649349,3.0623868,5.863767
159,-1,1,0.5961363636363638,True,-3.578298103415396,2.9944729610222516,-7.727928,2.5445955,5.808319,8.319255
160,1,1,0.8478030303030303,False,2.478015397161819,-0.345004809521222,3.5903807,-2.4093256,1.9340554,7.7386584
161,1,1,0.9606060606060607,False,-2.109663928441162,-1.3829196370397425,-5.815661,-4.2090573,5.007211,6.2747188
162,-1,-1,0.3976136363636363,False,-4.707006741257333,1.5570637827025255,-9.039678,0.7186385,6.084492,7.3990574
163,-1,-1,0.19878787878787876,False,-0.9100978133796828,0.8446307070978701,-1.8348422,5.4636292,4.3437867,9.401589
164,-1,-1,0.0978030303030303,False,-0.37128111011938486,-0.6050200043363484,-6.7161856,-3.031048,4.110303,7.121141
165,-1,-1,0.21333333333333332,False,3.0096543352783725,-2.42991713230894,7.402379,-3.2594457,1.7491434,6.768723
166,1,-1,0.44196428571428575,True,0.8532861743165192,1.712872243659513,1.1767135,1.8670919,2.8507016,8.940453
167,1,1,0.9962121212121212,False,-3.0671744341172564,0.8346008025299011,-5.3433714,4.7486544,5.6332326,9.359556
168,-1,-1,0.1192099567099567,False,-0.14465704549520894,-0.12811513916698883,-2.3334458,-0.6158005,3.8917577,7.684312
169,1,-1,0.41037878787878784,True,0.3381386737794997,0.010420516259221725,0.7090676,-2.3722482,3.4537227,7.080374
170,1,1,0.9628030303030303,False,-2.75339682268182,-1.2148160597551532,-5.300863,-1.3040783,5.5231614,7.4137692
171,1,1,0.69,False,-1.0407935012225953,2.156181642606548,-6.733306,1.2730737,5.0856547,7.82022
172,-1,-1,0.37587662337662336,False,-2.698972213605784,-0.4462698682047605,-5.039774,-4.8742704,4.848852,7.2296906
173,-1,-1,0.4241666666666666,False,4.597677384026214,1.3603802434226098,7.0186872,0.92615217,1.6086774,8.55367
174,-1,-1,0.3431818181818182,False,1.5149787363572516,-1.9116607712771976,5.531257,-3.0087922,2.6124828,6.694867
175,-1,1,0.8600757575757576,True,-3.7627610975045744,1.585107880579702,-9.14556,2.8298433,5.8944006,7.979266
176,1,1,0.8453030303030303,False,3.9293306393567025,1.8278647489701014,6.3203173,3.8664217,2.367946,9.366801
177,-1,-1,0.09221861471861471,False,-3.787002538082189,0.8908717406022364,-7.2325797,3.787296,5.8423576,8.562416
178,1,1,0.876628787878788,False,-2.1278666516421385,1.6191845765520037,-6.1741433,0.21815918,5.305109,7.547418
179,-1,-1,0.0625,False,1.85940517146956,0.2799581708974809,9.987915,-8.900776,1.4760083,8.149767
180,1,1,0.7371212121212122,False,0.44079125198421565,1.5627921040655381,-1.3317761,1.5398742,3.6783862,7.9813447
181,-1,-1,0.18143939393939393,False,-3.36935176134062,-6.006161790904971,-5.61918,-7.1957994,5.0553303,5.450792
182,1,1,0.911287878787879,False,0.33421293459122453,4.295022602402815,1.8678597,5.8257875,2.8582163,9.872697
183,-1,-1,0.4450757575757576,False,-1.7909105040524627,-1.1599808409844283,-7.196797,-2.8643901,4.8043585,7.4181156
184,-1,-1,0.15059523809523806,False,1.572663549657078,0.15239899746490873,3.7448924,-1.8422123,1.9478168,8.048406
185,1,1,0.5197727272727273,False,2.4760172342498654,-1.0816651790837364,6.4718184,-4.284026,2.3137195,6.7210317
186,-1,-1,0.31696969696969696,False,0.993448395524148,1.7232277038066208,3.145235,0.05473291,2.2671444,8.331275
187,-1,-1,0.20519480519480524,False,0.2499089559378831,-0.4639328095575398,-1.0738513,0.65727633,3.7347584,7.700187
188,-1,-1,0.17396103896103896,False,-0.5462020113038435,-1.0380741754318528,2.1415567,-11.021602,3.9956622,6.894394
189,-1,-1,0.17030303030303034,False,0.10669312506690072,-0.44266077336026055,-0.6536537,4.2095933,3.4765239,9.070484
190,1,1,0.6902272727272727,False,3.9148115219576054,-1.459717989123957,7.993539,-4.8689814,1.7026523,5.99427
191,1,1,0.9639610389610389,False,-2.347345930642752,-0.05348923562342357,-3.483101,4.9380693,5.034109,9.157061
192,-1,-1,0.07812770562770562,False,1.9994684067981596,1.3524990960310534,3.3268704,2.4051867,2.0952032,8.578463
193,-1,-1,0.30624458874458876,False,1.0461728602776799,1.6866173724363085,3.1498983,0.28886512,2.4456677,8.215405
194,-1,-1,0.1901893939393939,False,1.7495880803894543,0.2797805374933465,1.5702106,-1.4615275,1.836646,7.884709
195,1,1,0.8771212121212121,False,-3.5664362492084187,-3.6990603775775,-5.901548,-7.1213026,5.1249986,5.603738
196,-1,-1,0.08899350649350649,False,1.4607270359302453,1.41391527255711,4.3096113,-1.5298823,1.3266153,7.8078322
197,1,1,0.8637878787878788,False,4.591677975870935,-1.1910835893580936,8.064291,-7.0798965,1.1718165,7.2121143
198,-1,-1,0.34724025974025974,False,1.3801901875409086,4.191791228032343,2.1654935,5.595668,2.9537787,9.998801
199,-1,-1,0.05075757575757576,False,3.544677123665018,-0.6889542488965399,6.459133,-2.300868,1.2937723,7.1264772
200,-1,-1,0.08606060606060606,False,-0.10444682969063611,0.5723255754204658,-0.45245498,6.001741,3.8570917,9.58813
201,1,1,0.9162878787878787,False,-3.7972731239946738,-1.9584593659411278,-8.541082,-1.1353198,5.593404,6.2442527
202,1,1,0.9441666666666668,False,-3.328168662864951,-1.5716249008347336,-4.2740917,-2.1904407,5.157634,7.0439024
203,1,1,0.7350649350649351,False,-4.2244694606104645,0.12411355380137636,-7.636446,1.3459755,5.6593857,7.3209586
204,-1,-1,0.21359307359307358,False,-0.6269393375505432,0.41217903911935583,-2.7607403,3.7847354,3.9930165,8.814649
205,-1,-1,0.059393939393939395,False,1.6682421853531009,2.34312666971277,4.345644,4.411316,3.124405,9.472037
206,1,1,0.7906818181818182,False,-3.7674255773406715,-3.909409022650058,-5.1918073,-6.8807874,5.2166247,5.7611775
207,1,1,0.8459469696969698,False,-4.936457575187102,0.31430240205486354,-7.468599,1.6771948,5.9689817,7.5811906
208,1,1,0.7690151515151514,False,-1.5209482837120165,3.161235479571078,-3.4262695,0.5657039,4.2836995,8.366766
209,1,-1,0.26227272727272727,True,-1.7131676881668945,1.1431414925926748,-5.407821,5.6983,5.0556064,8.807726
210,-1,-1,0.05625541125541126,False,0.8066128484995341,1.812518804721451,0.2138866,6.2272673,3.5950131,9.727634
211,-1,-1,0.08234848484848485,False,-4.086435503127602,1.6217917948236182,-6.3690624,1.7742224,5.64639,8.203414
212,1,-1,0.1096969696969697,True,3.2551387567420544,1.584366925884859,4.615806,0.08737431,1.167355,8.628235
213,-1,-1,0.05734848484848484,False,1.3934973168682039,2.6535339484422726,2.647401,3.052313,2.7159226,9.326698
214,-1,-1,0.03878787878787878,False,2.735565596897392,4.309237493122427,3.1408608,5.4669094,2.6430144,10.038985
215,-1,-1,0.14621212121212118,False,-0.14489787440736943,-2.2265770749504745,-0.74496007,-4.0690427,3.6735969,6.401783
216,1,1,0.970530303030303,False,-2.286784382458235,-0.9407343984318746,-8.502431,-1.812724,5.7526455,6.976955
217,1,1,0.9805303030303031,False,-3.293957853618802,-0.743620169809931,-7.3508983,-0.5343993,6.012336,7.044356
218,-1,-1,0.018030303030303032,False,-1.5369738326598583,1.9843044618455608,-7.9065723,7.523751,5.1099043,9.02534
219,-1,-1,0.14929653679653682,False,0.8549485323950563,0.46966645786452865,-1.114079,1.3018143,3.6316547,8.001902
220,1,1,0.869935064935065,False,3.9122266182691328,1.013157280578609,5.9996033,-0.4891942,1.1089067,8.054526
221,1,1,0.8937878787878789,False,-1.746503833526526,-1.8838238184255922,-4.256007,-0.5578519,4.666097,7.5238304
222,-1,-1,0.29250541125541113,False,3.4197901666423034,4.058527968823447,5.899215,4.3753176,1.7543832,9.70452
223,-1,-1,0.08454545454545455,False,0.9034471380904705,1.2035909101381272,0.8818292,7.4541793,3.5557356,9.988545
224,1,-1,0.37515151515151507,True,-4.687417421852478,1.1362144851768876,-7.0616016,4.671235,5.8132076,8.293676
225,-1,-1,0.33651515151515143,False,0.34633827205280865,1.3985831863524794,-0.20796835,3.5336294,3.3667583,8.878544
226,-1,-1,0.025,False,-0.5463089325315974,-1.3948800582458956,-0.8158704,-3.4581945,3.955329,6.3488536
227,-1,-1,0.11301948051948052,False,2.279715288713711,-1.1703218876071912,9.285779,-5.93891,2.1410246,6.4612126
228,-1,-1,0.3161688311688312,False,0.45402001817278165,0.3195515909222344,7.1890445,0.06181342,2.5942187,7.8997164
229,1,1,0.8531818181818182,False,3.8347708379806846,-2.8911268251664106,6.372631,-5.5531254,1.2438442,6.429906
230,-1,-1,0.2943939393939394,False,1.334564316986564,1.4362707367859429,1.6786438,3.1174977,2.8277938,8.937931
231,-1,-1,0.0768939393939394,False,0.873790327887488,-1.4214671348498409,-0.9303988,-0.1981155,3.447411,7.424925
232,1,1,0.8479329004329004,False,1.3654708210091817,4.15009938993113,3.4666193,3.9765222,2.4637592,9.578842
233,1,1,0.5342207792207792,False,-0.7021183365963114,-1.6568237803987533,-1.8472546,0.04223683,3.8162038,7.7198324
234,1,1,0.7304220779220779,False,0.5127849012844561,-1.5312299634232036,3.5542772,-3.0038838,2.8140292,6.9312735
235,1,1,0.8921212121212121,False,-1.0891152927379897,-2.5403141718220787,-4.1629825,-5.684744,4.4057493,5.7508454
236,-1,-1,0.2653030303030303,False,0.0361173999745754,-0.7069866129184318,-1.8442034,-1.1961243,3.9834378,7.234789
237,-1,1,0.5457251082251081,True,2.005687744209588,0.8428379768111464,2.6187665,-0.6417692,1.951187,8.082963
238,-1,-1,0.4307900432900432,False,0.791781461644341,-0.5146814587452258,10.11075,1.5544065,2.675725,7.509071
239,1,1,0.9475757575757576,False,4.109741589790661,0.6399640453897492,4.900751,-0.85749567,1.0792519,8.112973
240,-1,-1,0.46586580086580087,False,2.8304083384078877,-1.1888059425764854,5.1272006,-5.0565963,1.6925846,6.809671
241,-1,-1,0.26712121212121215,False,0.13691931756690304,-3.754634739603112,3.5654426,-7.146516,2.7897184,5.692735
242,1,1,0.9609469696969696,False,-4.066486591047072,2.1207678181805667,-8.910207,4.005974,5.9563956,8.676481
243,-1,-1,0.3261363636363637,False,2.056195606783054,-0.9663677403875649,2.8314822,-1.4506583,2.6601624,7.716135
244,-1,-1,0.07727272727272728,False,1.1166709255451315,3.4400785009255976,0.73151743,3.2115512,3.2816653,9.135855
245,1,1,0.8667424242424243,False,-4.219979201739226,0.7118048144795024,-5.2357225,3.4145365,5.4478154,8.718903
246,1,1,0.8852272727272728,False,3.515304191988891,-0.731334285146491,6.287349,-1.0079517,1.013356,8.257454
247,-1,-1,0.1488852813852814,False,5.026349080935104,-0.9159565726540054,8.04845,-2.7281153,0.8439396,7.088081
248,-1,-1,0.2154112554112554,False,4.126208511097557,1.0190379755700956,5.7439814,-0.6823195,1.3705494,8.185768
249,1,1,0.803030303030303,False,-1.7489882869687823,1.0827941835560686,-5.0708103,0.77631843,4.591977,7.759009
250,1,1,0.6031818181818182,False,-3.1728818565405588,0.941005725378795,-6.75226,4.691379,5.767643,8.457121
251,-1,-1,0.4703932178932179,False,0.7050271338148139,2.3316781985361406,1.8117243,1.5198606,3.1811507,8.190259
252,-1,-1,0.13174242424242424,False,-1.7193991071404533,-2.3079970515611827,-8.046637,-3.911167,4.756476,6.472924
253,-1,-1,0.3302651515151515,False,0.14770903401029925,-0.7973242041105569,-1.526751,1.397534,3.236006,6.6778793
254,-1,-1,0.10803030303030303,False,1.8379410799657536,-2.0042461804534404,6.7996025,-9.254999,2.2681823,6.942101
255,1,1,0.8794642857142858,False,-5.68219941309615,1.3909718669909836,-7.339326,0.56722176,6.122129,7.122396
256,-1,-1,0.40787878787878795,False,1.5223660760014683,0.5926749289160188,2.9722846,-1.0061961,2.1368337,7.98205
257,-1,-1,0.08333333333333333,False,1.8907094277294099,-2.3738111670894084,1.7296236,-5.6347666,2.4451604,6.1935134
258,1,1,0.8302272727272729,False,4.21832935690402,-0.8630682158596276,6.6956577,-3.926566,1.4129461,6.8974767
259,1,1,0.9488636363636365,False,2.861265546834611,0.21202476762289144,5.4595194,-1.2047309,1.2094208,7.9481163
260,1,1,0.8981493506493509,False,4.597004839821826,1.0933038665458534,5.6917176,1.1213028,1.5843812,8.751176
261,1,1,0.9632575757575758,False,-3.379813997876173,-0.012789511998536111,-5.704737,4.134092,5.682275,8.513571
262,1,1,0.9731818181818181,False,-1.8828505279666505,-0.7636683830721674,-2.6395164,4.971128,4.5724254,8.794267
263,-1,-1,0.09314935064935065,False,0.13593175473411873,-1.06967981328518,-0.661292,-2.6070752,3.7990923,6.816127
264,1,1,0.9148484848484848,False,-2.4285698686239336,0.9282709190412554,-4.2847,5.290375,4.8174586,9.114598
265,1,1,0.8528787878787878,False,-2.1934491116293113,0.5702807885245181,-5.2621465,2.7336767,5.6175466,9.410716
266,-1,-1,0.18106060606060603,False,-2.597191163378362,1.6784331942092348,-3.481865,2.6548393,4.9445457,8.462272
267,-1,-1,0.2320454545454546,False,-0.5312798822590468,-1.1953061346750582,-1.9180892,3.2866168,3.988127,7.926771
268,1,1,0.9504329004329003,False,1.0506047143512753,3.900362436613289,0.44509882,6.699865,3.142761,10.06114
269,-1,-1,0.048863636363636366,False,1.6097105118853963,0.4407348942415828,7.1050005,2.4082692,3.0068598,8.358617
270,1,1,0.7643939393939395,False,3.256894294634244,0.9102008405304746,5.591904,-2.5091517,1.5503879,7.556555
271,1,1,0.6768181818181819,False,0.46444755290147083,-3.157231423197011,-2.0057335,-4.1385703,3.8275602,6.0169754
272,-1,-1,0.038181818181818185,False,-0.1437306934979473,1.5621429254653263,0.26210552,8.081532,4.3933086,9.840997
273,-1,-1,0.2774621212121212,False,0.03970544277686479,0.27745110584788313,-0.09906148,-0.33106655,3.9224072,7.3804736
274,-1,-1,0.07924242424242424,False,-1.1864448182974,0.9720855647240524,-2.9790478,5.807167,4.4261694,9.6783495
275,-1,-1,0.17181818181818187,False,-2.18992134461563,-5.615737498391216,-4.2016187,-7.160379,4.411388,5.2170353
276,1,1,0.8438636363636363,False,0.15947945083559772,-1.3906251314344733,2.9321303,-5.1851144,2.8959148,6.96231
277,1,-1,0.38820887445887436,True,3.1536926145749664,1.243547276360296,1.3144202,1.4875954,2.0206592,8.860077
278,1,1,0.6150974025974026,False,5.18890113385601,4.100504757296262,5.789409,5.2061257,2.2149494,9.505321
279,1,1,0.9565909090909089,False,-1.9030144693656321,-3.5072939446788607,-5.4067974,-6.1980786,4.4566464,5.4167085
280,1,-1,0.49037878787878797,True,1.9655423173889603,4.256203801996176,3.7990012,5.020206,2.560338,9.619659
281,-1,-1,0.2122727272727273,False,0.9210113655712776,3.5428580877530966,2.056674,1.8533142,2.3494635,9.095379
282,1,-1,0.471823593073593,True,3.491687387209799,1.707829451405831,3.5179114,2.488368,1.552947,9.149535
283,1,1,0.8313636363636364,False,2.6538059180763485,2.919550925792569,4.4903307,4.2271886,2.172225,9.594402
284,1,1,0.9746969696969697,False,-1.9064781557897523,2.430908871016022,-5.6760793,1.2273219,5.2316637,8.016703
285,-1,-1,0.2637337662337663,False,-0.5176588649427399,-0.047477773361981744,2.1190925,-2.6911638,3.0886984,7.2198644
286,-1,-1,0.19157647907647907,False,2.1710466763432374,0.20354607608039654,8.281812,2.8585417,2.464533,8.452404
287,1,1,0.7812121212121212,False,1.8939205124189264,2.0548520076418795,4.474408,5.967542,2.8768814,9.481134
288,1,1,0.7987229437229437,False,2.7703271093573187,3.037897213934074,3.484633,2.2160149,1.787766,9.31228
289,-1,-1,0.13636363636363638,False,4.290994998208351,1.073864567985987,7.3951874,2.080496,1.4288005,7.9604974
290,-1,-1,0.16127344877344876,False,2.6368699333658117,1.33995233276804,6.1476493,3.5901544,2.3126366,8.844515
291,-1,-1,0.1433008658008658,False,1.275870625996303,-0.5955217673536892,3.7370834,-1.5317808,2.0158663,7.911429
292,1,1,0.7881854256854258,False,0.6383705123001512,2.208519577456661,1.7221783,4.2483654,3.2091331,9.264617
293,1,1,0.8866396103896105,False,-5.886506832518353,-0.6470928392097423,-6.109224,4.778708,5.87545,9.22714
294,1,1,0.9308333333333333,False,5.4887234193164085,-2.7639396823998843,7.709443,-5.468117,1.1404009,6.144897
295,1,1,0.9132575757575758,False,-2.173764035802912,-2.7051620172525106,-3.4184387,-6.2170024,4.5683165,5.583516
296,-1,-1,0.0996969696969697,False,0.7147911729653744,-1.6477996643206987,-0.19528966,-4.829603,2.9910474,6.2290335
297,-1,1,0.5643939393939393,True,-3.8512339823588886,-0.09264922925117748,-8.599959,-0.33139512,5.8858266,7.349198
298,1,1,0.8288636363636365,False,0.4347010243776228,-0.8398063507168313,2.7297654,-3.8776844,2.482126,7.635232
299,1,-1,0.49333874458874455,True,0.6259187062705044,-2.471507431615624,-1.1635753,-4.864185,3.258891,6.1761365
300,-1,-1,0.10287878787878789,False,2.7139642501092887,4.041656110341429,3.4240859,2.5175216,1.5376841,9.319356
301,-1,-1,0.1744480519480519,False,3.0035955471775324,1.062640937709686,7.7865357,4.9007025,2.8096402,8.768394
302,1,1,0.8593181818181818,False,6.952864067061709,-3.808952941471873,8.027787,-5.844368,0.90427554,6.320271
303,1,1,0.849318181818182,False,2.088693163527936,3.5581128229338583,3.8695023,1.9599146,1.6167281,9.192327
304,1,1,0.6241666666666666,False,0.5904317625671491,1.9738944994606809,0.7796901,1.3233292,3.504806,8.210747
305,1,1,0.9871212121212121,False,-5.895683449606691,2.3182503371132643,-8.716142,2.7285898,6.289496,7.9758787
306,-1,-1,0.3731818181818182,False,1.3306106330810208,0.09169165368656104,5.70106,4.068282,2.6208944,8.787395
307,1,1,0.6971320346320347,False,0.47510895398363634,0.6731545471806158,-1.7363967,0.044488706,3.7179556,7.97119
308,1,1,0.7837121212121212,False,-0.27428189191705404,1.4005248766142417,-1.2273594,3.2467191,4.067434,8.422945
309,-1,-1,0.08181818181818182,False,1.300343136839648,-2.7721152300129233,8.958415,0.82555705,2.7665026,6.8282914
310,-1,1,0.5787987012987014,True,-1.0668749683949206,-4.190580513046326,-2.6105895,-7.496172,3.7864587,5.401166
311,1,1,0.8949242424242424,False,-1.8512240030702345,1.094061758524807,-3.4361868,7.0662355,4.850489,9.040835
312,-1,-1,0.25606060606060604,False,1.58167279612638,-2.715339096683009,3.7137232,-7.6764774,2.178483,6.2005973
313,1,1,0.5210227272727272,False,0.00967937449240676,-1.1453145238724232,-2.456994,-1.0124577,3.9966974,7.010645
314,1,1,0.9912878787878788,False,-3.896181835456777,0.03690221493087129,-5.9140034,4.6628094,5.883356,9.202224
315,-1,-1,0.11984848484848483,False,-1.0908992960626132,2.109314618854262,-3.5210733,9.179373,4.7300744,9.53
316,-1,-1,0.3546212121212121,False,-0.9347628247597133,-0.9382242866722681,-2.3656428,1.259229,4.0325027,7.435703
317,-1,-1,0.03325757575757576,False,2.955789629275879,2.119122812460152,6.6932435,3.4506955,2.2545586,9.172876
318,1,1,0.9722727272727273,False,-1.397346029685353,-2.553724389810059,-4.531123,-5.1873055,4.570695,5.8980794
319,1,1,0.5256818181818181,False,3.3273762119993435,2.463593050930237,5.5941076,1.3128974,1.5043247,8.821292
320,-1,-1,0.05021645021645021,False,0.5785707223100666,-1.1600184419381365,-0.0556687,-3.8800309,3.443165,6.2671676
321,-1,-1,0.043939393939393945,False,-0.15925774754212654,2.1407357412334687,-0.21561842,5.4998045,4.2360296,9.306415
322,-1,-1,0.4179545454545454,False,-1.2526332459484715,-3.342927705178641,-3.4639685,-3.8814185,4.3259406,6.2353206
323,1,1,0.9561363636363638,False,-1.773505354321425,3.101245130418007,-5.4955235,1.2422485,5.3574276,7.8911843
324,-1,-1,0.1159090909090909,False,0.9650328735919941,-1.5724813176473948,0.9066906,-4.7520375,2.883294,5.9509864
325,-1,-1,0.10871212121212122,False,2.9468268577697394,1.293270839866709,3.2144105,0.68237823,2.1792588,8.099367
326,-1,-1,0.10818181818181818,False,-1.2684617830855305,2.2199681957444732,-4.6881037,8.456034,4.4286604,9.458007
327,-1,-1,0.40560606060606064,False,0.6544349350782542,-2.139888508333057,0.19536734,-6.445987,3.2048638,5.8373437
328,1,1,0.7975,False,-0.3711275889131379,2.5140449361992947,-1.5874274,7.7565846,3.997264,9.983445
329,-1,-1,0.10272727272727272,False,-0.35698943058429344,-0.13550580295850131,0.10327866,-1.5076545,4.178046,7.226897
330,1,1,0.9893939393939394,False,-3.2576830788959956,0.013576649453889374,-8.286845,0.5244006,5.7896657,7.1937857
331,1,1,0.9611471861471861,False,-1.182539455712661,0.016071172482553776,-3.6077912,-3.5815523,4.190264,6.69952
332,1,1,0.9852272727272727,False,-2.2723200701447164,-1.293438452577589,-6.714895,-2.8677623,5.0641217,6.5360837
333,1,1,0.8034848484848482,False,-2.376502047178354,0.4297916367662184,-4.363279,1.4877915,4.845722,7.8116817
334,-1,-1,0.04272727272727273,False,2.7916868249702897,-0.14623781386256993,3.9036388,-0.21417375,1.1369939,8.289765
335,1,1,0.890378787878788,False,-3.476105101590818,0.6314315074880895,-5.393581,3.8986957,5.7858086,8.700307
336,-1,-1,0.06401515151515151,False,1.641294141579419,1.7744464404824367,3.4101057,6.3929358,2.7327178,8.944215
337,-1,-1,0.09704545454545453,False,1.5365132450955994,-1.5821439222495073,9.631763,1.580581,2.8185596,7.1867166
338,-1,1,0.554978354978355,True,5.025548567215823,-1.37927457607654,8.013338,-4.004563,0.9613788,6.458872
339,1,1,0.878181818181818,False,1.0976413915866312,1.1517199140520293,-0.70059747,2.7246404,3.1904662,8.472053
340,-1,-1,0.1925974025974026,False,2.4480747018684568,1.524167979447452,3.5180993,1.3660141,2.03679,8.681136
341,-1,-1,0.06060606060606061,False,1.2946945930785607,-1.5557018004223628,9.142326,0.039054204,2.740148,7.0648932
342,1,1,0.9646969696969696,False,-2.002043317041458,1.8367077876920879,-6.3209124,1.2463688,5.147635,8.070063
343,-1,-1,0.10522727272727272,False,1.8183743816529208,-0.9760981731646088,5.780932,-2.6942127,2.5240738,6.621727
344,1,-1,0.46121212121212113,True,4.122765033321419,1.206235023313421,6.9702706,4.471144,1.8519642,9.115126
345,-1,-1,0.15611471861471857,False,-0.851722551329202,1.0012485058547083,-1.5633528,5.1752157,4.0478816,9.15891
346,-1,-1,0.08901515151515152,False,0.8855981145546482,-1.0298922546397073,-0.72449327,-0.18643881,3.2368317,7.3351717
347,1,-1,0.473030303030303,True,-2.006712053778346,-5.129150839051335,-3.667593,-8.229895,4.2595925,5.082962
348,1,1,0.8443290043290043,False,5.564718140657685,-2.2864585861898075,6.7137613,-5.1308384,1.2103511,6.3318915
349,-1,1,0.6482395382395383,True,2.640182724267963,2.665370271930303,4.13214,4.361761,2.4480648,9.311662
350,-1,-1,0.24901515151515155,False,3.002589432128356,-1.8193655701867637,8.181538,-4.65583,1.9651573,6.0712047
351,1,1,0.9954545454545455,False,-2.1558466728282157,1.8394555676514193,-5.503801,1.7642653,4.891631,7.787881
352,-1,-1,0.30373376623376613,False,0.8020377051161857,1.4526419398587624,6.5825696,5.722165,3.1305287,8.617824
353,-1,-1,0.06174242424242425,False,0.10812878888311507,-1.239938090936875,0.07577856,-3.486619,3.724298,6.436525
354,-1,-1,0.0753030303030303,False,-0.30010562524107637,3.2124330291765744,1.5731667,5.276001,3.3861496,10.007527
355,-1,-1,0.0562987012987013,False,2.430341331285958,2.6406761879228413,4.487461,3.6908965,2.5033815,9.173764
356,1,1,0.9859848484848486,False,-4.31063704741962,0.8936180251537701,-8.853896,2.6938605,6.2355576,7.9459567
357,1,-1,0.425443722943723,True,0.2591046497688879,-4.243530130635376,2.2170484,-8.808195,3.4627087,5.511474
358,1,1,0.8966991341991343,False,-2.908632561153036,1.4848131897872785,-8.034475,1.3898801,5.7181807,7.847483
359,-1,-1,0.06143939393939393,False,1.5356517919760588,-0.013361412103477098,8.932734,1.784263,2.8853457,8.006023
360,-1,-1,0.13992424242424242,False,-4.030015176592566,1.3420116471041854,-7.7464294,2.6911356,5.8676305,8.2494135
361,-1,-1,0.14010822510822513,False,1.0868764945499108,0.14921995395432924,6.9391356,5.5608544,3.0371225,8.52324
362,1,1,0.8150757575757577,False,2.4103299042551716,-4.23284776485487,6.134607,-5.7716856,1.9432931,5.81029
363,1,-1,0.36083333333333334,True,1.8321143847820034,1.7755965331851105,1.0466498,-0.4835282,2.3292172,8.123909
364,-1,1,0.7937121212121212,True,-2.818816560823075,-1.1994764097500048,-6.0878663,3.3422759,5.586418,7.2745876
365,-1,1,0.5150757575757577,True,0.20230935234322847,0.050507831610473654,1.7926445,-1.465732,3.0632994,8.1267395
366,-1,-1,0.21388528138528135,False,-0.3079715065539764,-3.768428292441429,-3.6790366,-7.1857276,4.032964,5.3360114
367,-1,-1,0.30309523809523814,False,-0.38675149967341743,2.5994848538374993,-0.01665184,8.232817,3.9003527,9.815405
368,1,1,0.8988636363636363,False,-0.9628287519864686,-1.9353459518636102,-3.790658,-3.762409,4.411551,6.4070487
369,1,1,0.9355303030303029,False,-4.116978308271602,-0.2459351693744275,-7.706572,-0.20731969,6.1051464,7.2590504
370,-1,-1,0.09507575757575756,False,-0.22316728428925856,-0.1233994504028332,-1.7636502,5.08257,4.333215,8.8053465
371,-1,-1,0.09080086580086581,False,0.47377633059908963,2.2945656522756654,1.6421927,3.2114148,3.146223,9.116975
372,-1,-1,0.4913636363636364,False,-1.8443657206090287,-3.405782119048267,-7.698963,-5.1540937,4.765762,6.173256
373,-1,-1,0.22787878787878788,False,-0.12971543150493056,-1.807605780074255,0.21778065,-2.9103453,3.7389352,6.233039
374,1,1,0.7003787878787879,False,3.777373419530149,-1.3236278612037158,7.476208,-3.1192012,1.0648973,6.973937
375,1,1,0.9002272727272728,False,-2.270716783138287,0.7584195996076426,-4.9219217,5.0021544,5.528902,8.990153
376,1,1,0.9213636363636363,False,-0.9832619451657633,1.6728386805067204,-5.043196,0.38446087,4.6831675,7.7231135
377,1,1,0.8839393939393938,False,2.791824817249246,-1.141577910270973,4.750802,-2.7472887,1.3089112,6.954337
378,-1,-1,0.11939393939393939,False,1.656641652622793,2.8669487513068685,2.4476147,4.275148,2.8470612,9.648819
379,1,1,0.986060606060606,False,-2.863863890507711,-0.3027142920685317,-8.470254,-3.0189798,5.6498566,7.068288
380,-1,-1,0.06363636363636363,False,1.200170369807309,-1.6762584022655078,0.24477462,-3.410674,3.6744153,6.463739
381,1,1,0.5832575757575756,False,-2.8518216696209766,0.023123763971541055,-7.5180755,1.9571002,5.5775867,7.94375
382,1,1,0.8549242424242425,False,-1.3618556430228754,-2.9054853770480378,-3.5477252,-4.11938,4.281981,6.1179037
383,1,1,0.9204545454545454,False,4.211981890059947,-2.7625548880970863,5.725452,-5.636486,1.3985263,6.1905346
384,1,1,0.6247727272727274,False,0.2986244118234068,-2.16250694832562,-0.2647988,-2.538679,3.0458913,6.4525633
385,1,1,0.7522348484848483,False,-3.093780162301229,-2.222824465948755,-4.9083543,-1.9671088,5.0531254,6.7531266
386,-1,-1,0.18780303030303028,False,-0.89340608779541,-0.5268189974111762,-1.6171144,-3.0934227,5.2284875,6.8928256
387,1,1,0.7920454545454545,False,-1.152068301832596,-1.1790319847763433,-6.1300774,-3.4100242,4.4061356,6.844142
388,-1,-1,0.2236363636363637,False,2.258236876109344,-1.9984843597605142,7.553774,-4.2671666,2.057848,6.1649995
389,-1,-1,0.2800324675324676,False,2.781252832026076,1.101035176672595,5.1003966,0.6569314,1.4811611,8.804815
390,1,1,0.8417424242424242,False,2.2385972477667777,-0.13213435557403325,3.577802,-1.2668513,1.8279405,7.946695
391,-1,-1,0.21856060606060607,False,-0.7937979991500359,-0.20243507105842234,-5.7471805,-2.9898732,4.517789,6.68995
392,1,1,0.8675757575757576,False,3.64326983645753,-0.7210833217251387,5.617793,-2.696638,1.592034,6.865514
393,1,1,0.5726352813852814,False,-1.3587785063858806,-0.5864185007381063,-10.351225,-2.918472,5.3201866,6.8456974
394,1,1,0.9215909090909091,False,-1.4263860672964606,3.1362122991538035,-4.326561,1.8552082,4.594391,8.422505
395,1,1,0.6893939393939393,False,-1.5665024498386295,-3.0523941737924356,-5.9826055,-5.2763867,4.681136,6.03264
396,1,1,0.9780303030303031,False,-2.3722460397309986,-3.5017964013845337,-6.043323,-7.042806,5.078975,5.5910463
397,-1,-1,0.4162554112554111,False,-2.120109812536878,-0.6674624626861037,-7.3312483,5.3805976,5.231348,8.189364
398,-1,-1,0.07662337662337662,False,0.31873940727093253,-0.1572156873716549,-0.6523107,-5.6369047,3.2580197,6.2060947
399,-1,-1,0.2830681818181819,False,-0.19159280829359746,-1.840941103830702,-2.998563,-4.6286364,3.5654569,5.917962
400,1,1,0.7331872294372294,False,0.6860097272601534,4.0229379900930065,1.8193262,1.3251755,2.8356829,8.766492
401,-1,1,0.515227272727273,True,-0.16988461042149952,-1.6516659183472866,-2.355412,-2.6638424,3.31152,6.7232156
402,-1,-1,0.2872294372294371,False,0.7122231591978191,0.6326266162833236,2.0342474,-1.3457892,2.6560636,7.895226
403,1,1,0.8334848484848484,False,2.733360068493481,-3.3988439786629567,6.368948,-6.475502,1.9924722,5.7270675
404,1,1,0.9131818181818181,False,-3.179547990234954,0.22339302846763284,-5.013562,4.737966,5.471476,9.555336
405,-1,-1,0.17500000000000004,False,2.6584402205777637,-1.8254203986399347,7.0764866,-4.2039285,2.0129652,6.1142335
406,-1,-1,0.18418831168831168,False,2.252968100768902,-0.10717331086871405,5.4837513,-2.069566,2.4445698,6.177969
407,1,1,0.9836363636363636,False,-2.3759649243693195,2.320655610871527,-6.621611,0.7463249,5.3634505,7.4817905
408,1,1,0.7503787878787878,False,0.03212928285406454,0.03186064133250758,1.3054606,2.9068096,2.9076998,8.167969
409,-1,-1,0.2626515151515152,False,1.1923413282081456,-3.3430335872766768,3.3930964,-6.685252,2.5372968,5.987141
410,-1,-1,0.09587662337662337,False,-1.6189804135817132,1.0362984738657766,-2.8430934,5.478616,4.8073025,9.468156
411,1,1,0.9587337662337663,False,-2.076654568730975,0.5440619445550606,-3.4863245,4.9213414,4.6733108,8.693552
412,1,1,0.9002164502164502,False,-1.8199990207973478,1.7566229800296518,-5.6889095,1.216301,5.3174915,7.7050667
413,-1,-1,0.11681818181818182,False,2.5659030173634774,-0.19965978983128135,6.493379,-2.477634,1.7680103,7.4286857
414,-1,-1,0.3343073593073593,False,0.1424473701103604,-2.5669324436302556,-1.8538657,-5.413078,3.028511,5.847372
415,1,1,0.7617748917748918,False,2.8552791941315583,-2.778238300636795,6.9675636,-4.9618406,1.6575164,5.7702727
416,1,1,0.7737337662337662,False,2.8266751452926124,-2.641427446715295,3.2342987,-5.3246746,2.0418065,5.912509
417,1,-1,0.29223484848484843,True,0.6226474566872843,1.2166395254606661,0.62149984,-1.8310475,3.9045682,7.5200996
418,1,1,0.9386363636363637,False,2.857250717150899,0.6956922052908701,3.3484635,-4.9820614,1.067748,7.4790106
419,1,1,0.8230681818181819,False,3.3389250201927556,-1.2272159195672077,6.791766,-4.201641,1.4286326,6.5584536
420,1,1,0.544047619047619,False,2.3631562140929927,-0.41932852427949585,5.8610797,-2.9033864,1.5421255,7.41891
421,-1,-1,0.2587121212121212,False,3.6663380992739567,0.35808468467079635,9.7238865,-1.9375381,1.5614021,7.0580554
422,1,1,0.8608333333333333,False,0.025903588095027588,4.959647406105383,1.4359115,4.7807055,3.1581948,10.052164
423,-1,-1,0.28659090909090906,False,0.2597892180654018,3.3892923173361464,1.3579351,5.7921214,3.688213,10.268942
424,1,1,0.5649621212121212,False,0.7831464336805317,-2.7888226720523543,-0.5564998,-5.872476,3.2994564,5.471673
425,1,1,0.7986363636363636,False,-0.6595043955411146,1.1916025266189918,-1.4889773,2.7122874,4.101406,8.545485
426,-1,-1,0.16708333333333333,False,3.9403532194384194,-0.42050400851139547,9.036869,-2.5020502,1.3460975,6.7512345
427,-1,-1,0.3912121212121212,False,1.2509073103060986,-4.302933136188636,3.5530636,-7.1826124,2.7610223,6.1100082
428,1,-1,0.38000000000000006,True,-0.07383313638040141,-0.8514288284667438,0.38976666,-3.5147583,3.6243174,6.7169423
429,-1,-1,0.4833333333333335,False,-1.5736840269949763,-3.4714177232635555,-8.595468,-6.0687113,4.8702216,5.8783097
430,-1,-1,0.18250000000000002,False,1.327232655421607,-1.9799643259404616,0.34009784,-6.2215586,3.0970602,6.016315
431,1,1,0.8798484848484849,False,-2.926601372818678,0.2846514954350502,-8.274174,-0.38247588,5.731885,6.831109
432,-1,-1,0.2801731601731602,False,-0.21606521002307086,2.707060952532967,0.50315744,5.318216,3.8180983,9.639371
433,-1,-1,0.12590909090909091,False,1.5686532129168553,1.5966292569946214,4.076743,-0.5048425,1.8346052,8.16125
434,1,1,0.7753030303030303,False,3.4900106717294985,0.4886033442090899,4.2416945,-2.0496006,0.95328265,8.084419
435,1,1,0.7117424242424242,False,-0.43342892923419674,-2.7114491661812288,1.4147239,-7.5917854,3.3116615,6.009232
436,1,1,0.6122077922077923,False,3.886259724188345,1.5340436947683038,6.316025,-0.23485667,1.2939018,8.430601
437,1,1,0.8737121212121213,False,-1.035563118935438,-1.4402298775920475,-4.689083,-3.800446,5.667674,6.1986723
438,-1,-1,0.10772727272727274,False,-2.06812715717735,-2.627639118314862,-7.4557877,-5.057291,4.62528,6.173198
439,-1,-1,0.08886363636363637,False,0.6459972485732742,-1.9610243954344102,0.15831393,-3.6371799,3.952245,6.4354143
440,1,1,0.9731060606060606,False,-3.6331451931668077,1.4302527036144657,-7.069273,3.4342499,6.171808,8.4707155
441,-1,-1,0.30667748917748916,False,1.63552191247575,-3.0979527706453154,2.4674911,-8.848657,2.511907,5.8834343
442,1,1,0.9179924242424243,False,-1.028735998865111,-1.0479966288519247,0.9425671,-6.7839346,3.7236838,5.948038
443,-1,-1,0.026363636363636363,False,-1.3053567643116684,2.398289477605757,2.5153623,8.388824,3.6429892,9.581535
444,-1,-1,0.03954545454545454,False,0.8794752791471785,-2.225296364454358,0.24747053,-6.252327,3.2399843,5.7528825
445,1,1,0.8186038961038961,False,-0.6089780901547779,3.5995686585297886,-1.1332208,8.154963,4.028528,10.332807
446,1,1,0.8696645021645021,False,0.2583315483120065,-1.9684771735844335,10.164233,-3.4799318,2.8666055,6.7903986
447,1,1,0.8557575757575757,False,-4.387011555804744,-4.4657318020113275,-4.898215,-7.2887135,4.783517,5.366028
448,-1,-1,0.4411580086580085,False,-3.208899685486333,2.756693567076285,-7.5052752,8.959281,5.1849456,9.939435
449,-1,-1,0.4248484848484848,False,-0.4994986473438214,1.4399188403980534,-0.4272017,3.53902,3.7644355,8.833554
450,1,1,0.679339826839827,False,-3.493420020870748,0.8927503687421704,-7.9092746,1.1100595,5.8789563,7.218222
451,1,1,0.8030194805194804,False,-3.907105532398737,-5.014537506155338,-5.830454,-7.455374,5.0118217,5.3137994
452,1,1,0.9491666666666666,False,-0.986300358654843,1.1736214533200744,0.11834895,1.0451403,4.2756286,7.896486
453,-1,1,0.7412121212121213,True,0.6946970246613242,1.5913780064280267,1.9460471,0.5526475,4.0914884,8.156439
454,-1,-1,0.18666666666666668,False,-0.3201404283149806,1.981541789949765,0.47212228,1.7295604,3.1859999,8.649226
455,-1,-1,0.11151515151515151,False,0.7006597179492087,-1.8443942855105928,0.8960969,-4.700279,3.1018248,6.0976524
456,-1,1,0.6065782828282829,True,1.2029605202395743,2.580662110873686,0.043901082,0.15559554,4.769516,7.18585
457,-1,-1,0.20089826839826838,False,0.11660484456776228,0.6639839966686281,2.393879,-3.326272,3.1278205,8.657226
458,1,1,0.8086363636363637,False,2.965580558350015,-1.622165323299428,4.859735,-3.2410653,1.6297059,6.576098
459,-1,-1,0.34664502164502164,False,2.331077657118519,0.20907839314656415,4.8915253,-1.9661766,1.1935171,7.844691
460,-1,-1,0.38950216450216457,False,-1.446070492798463,-0.6819425409554911,-6.682144,-3.013206,4.543112,6.8983545
461,-1,-1,0.10600649350649351,False,1.4289801935407151,2.743867104199418,2.4764347,2.4653232,2.3704205,8.94903
462,-1,-1,0.06553030303030304,False,-2.5670330551678973,2.901411031475043,-5.9823275,6.3566694,4.996939,9.266563
463,-1,-1,0.12992424242424244,False,-4.083636701329015,0.26046265489034937,-8.2062235,3.9378884,6.2537127,8.213208
464,1,1,0.9010606060606061,False,-0.3080455679774831,2.506658732552778,0.59201086,4.6576996,3.7844803,9.953481
465,-1,-1,0.07265151515151516,False,-0.5813705901383978,1.146163919070796,-4.278403,5.920493,4.594478,9.167468
466,-1,1,0.5307142857142858,True,-0.4498816991951981,-2.674625260963682,-3.1390243,-2.63154,4.3225093,7.381195
467,1,1,0.969577922077922,False,-1.2138578990923437,1.835776205358302,-4.1311955,1.5592599,4.632445,8.019673
468,1,1,0.8180735930735931,False,-1.5742561419343197,-0.08323461096270113,-8.587227,-2.7757819,5.3893957,6.6118884
469,-1,-1,0.0696969696969697,False,-0.02642629254399108,0.32771706619454144,0.42703506,-1.9603838,4.4587626,6.7788577
470,1,1,0.5484523809523809,False,1.1976758466308675,0.005427409019119735,-1.2729872,0.036192805,3.3069499,7.255526
471,-1,1,0.7150757575757576,True,1.4946337451499196,-3.1865471625181057,1.346655,-7.614697,2.8612187,5.727484
472,-1,-1,0.338430735930736,False,-0.7855531608286842,0.18171390458633005,-4.193523,-0.96959233,4.2291026,8.453375
473,-1,-1,0.2957142857142857,False,0.18921461465749842,3.600602862899713,2.538195,5.1953077,3.268027,9.95474
474,1,1,0.7320075757575758,False,1.196178115060825,3.2738913627857924,3.8812325,1.1842308,1.5587205,9.142375
475,1,1,0.9177272727272726,False,-2.000424159127648,-1.7967986348073588,-6.3992333,-2.6798,4.9456797,6.6173787
476,-1,-1,0.3606006493506494,False,0.23858423631376194,1.3843922379566784,-0.51303446,-1.3978398,3.6416807,7.6247544
477,1,1,0.6491774891774892,False,2.272565007396782,1.8470641411365882,6.8154435,1.4744471,2.1201587,8.981298
478,-1,-1,0.31265151515151507,False,2.7428006440624118,-2.1875871773060145,8.294269,-4.0917087,1.4544382,6.1571794
479,1,1,0.9560606060606059,False,4.0012567319083585,-1.0482505989889228,5.7067447,-4.482516,1.3035096,6.539717
480,1,-1,0.26898268398268405,True,-0.12518259909878193,-1.3823226584609158,-0.74473274,-3.3437595,3.880745,6.3377185
481,1,1,0.9817099567099566,False,-3.487033790272001,-0.7602353382740435,-7.6721544,-1.194825,5.9258857,6.728062
482,1,1,0.5646212121212121,False,-3.4539369121720083,2.1695438817887394,-8.544447,5.531971,5.133786,9.8905525
483,1,1,0.9708333333333333,False,4.805711594260303,-1.3850845246318102,5.7128897,-3.4143093,0.74117225,7.3305645
484,-1,-1,0.23606060606060608,False,-1.1470935495794485,-4.880915202108208,-3.3101695,-7.438407,4.1809893,5.255005
485,1,1,0.6140151515151514,False,-2.0307195796859148,2.5888421325560835,-4.29179,2.264258,5.1196446,8.130118
486,1,1,0.8317424242424243,False,1.5188321273316707,2.1785224642787124,3.3092701,5.112018,3.0679998,10.079618
487,-1,-1,0.1539393939393939,False,0.29712771804625704,0.34863073406816536,1.6938676,7.2671704,3.7138028,9.21905
488,-1,-1,0.3477435064935065,False,1.118626676517714,1.8051618446159021,3.4728405,-0.43893787,2.1408603,8.412727
489,1,1,0.7265151515151514,False,-0.5675724686940752,-1.8403759139393001,-7.4813714,-4.3433485,4.579246,6.6600757
490,-1,-1,0.11727272727272724,False,-0.8610570613433337,0.13792228830680767,-3.2112777,-0.7601601,4.1188526,8.066908
491,-1,-1,0.4668939393939394,False,-3.600285997954252,-1.0500992150990007,-8.073209,0.8071748,6.0815115,6.8906436
492,1,1,0.9507575757575757,False,-1.6764419622636175,-2.273768317080362,-6.3557553,-4.1975727,4.927166,6.4727488
493,1,1,0.707792207792208,False,-4.92676818486475,1.1989427969823918,-7.365188,4.1080337,6.0752625,8.654148
494,1,1,0.6987337662337662,False,3.6310996045383535,1.9847088643708815,5.1018295,1.1515294,1.3517449,8.865674
495,1,1,0.8918181818181818,False,-3.379789108731491,-1.8951422857814662,-7.543474,-1.3523341,5.8027625,6.48283
496,1,1,0.8793181818181818,False,-1.895796123541033,0.8954749695241889,-10.48359,-2.7253244,5.5846705,7.2219896
497,1,1,0.9262121212121214,False,3.8922066430310758,0.38639659193122056,4.615292,-1.5782489,1.1085062,7.964374
498,1,1,0.9386363636363635,False,4.948808942403346,-1.2439562757237663,6.843885,-3.743186,1.4450252,6.498431
499,-1,-1,0.21904761904761905,False,-2.9457920897685894,0.4416838174748491,-7.3375583,1.0548038,6.2680902,7.365553
500,1,-1,0.45058441558441553,True,1.8732120928908176,-1.8009552892111242,3.931156,-4.2210507,2.0266712,7.18731
501,1,1,0.5612121212121213,False,2.67041724310438,3.141859103398704,3.890702,0.6720813,1.4259193,8.425332
502,-1,-1,0.09848484848484848,False,-0.3240211476993979,-3.0674035349028825,-4.134303,-6.171554,3.9382055,5.4420514
503,-1,-1,0.1253787878787879,False,0.25081231248667485,1.5826667009025572,-0.39280748,6.1347055,3.6165154,9.282385
504,1,1,0.9199242424242425,False,3.402704379085467,-4.162020686672201,6.2177424,-6.3575597,1.702417,5.8294077
505,1,-1,0.37252164502164503,True,-1.507296562932512,4.298697361739936,-1.2653443,8.223365,4.1144032,10.337361
506,1,1,0.8097727272727273,False,-1.2296943180893394,-1.4362978636815764,-3.1937842,4.2768083,4.667164,8.2959795
507,-1,1,0.8246212121212122,True,-2.1173787383267864,-2.5869457172776733,-4.9365497,-4.130095,5.504186,5.8888493
508,1,1,0.9265151515151515,False,-1.219041307376037,2.349622603950204,-3.987401,1.73432,4.2699294,8.557094
509,1,1,0.8944696969696969,False,-2.229675358568888,1.299562557294744,-5.73025,2.415084,5.164732,8.607497
510,-1,-1,0.10757575757575757,False,1.7561557263036713,-2.1111481812656265,9.715671,-0.47714326,2.2806656,6.9373074
511,-1,-1,0.33838744588744585,False,-0.38506066692018326,-0.06590133620258148,-1.740631,0.73999995,3.9315956,7.741772
512,-1,1,0.5035822510822511,True,-1.4119226007858172,1.5627380919873068,-4.2252665,6.477651,4.9832997,8.917468
513,1,-1,0.4516558441558443,True,-0.14020686254025508,0.8187869950113115,1.8057971,7.7418957,4.6172223,9.401854
514,-1,-1,0.21863636363636368,False,0.5238028640827997,-2.7663589320067707,-1.7649891,-5.7718477,3.1991448,5.324774
515,-1,-1,0.0893831168831169,False,1.4454236222665553,0.4873760756238869,3.4424314,-1.3288152,2.2045047,7.836724
516,-1,-1,0.37570707070707077,False,1.2350496409769436,1.699164841787144,2.0264294,-0.76589835,2.8471475,8.276708
517,-1,-1,0.10511904761904764,False,0.2455409780766921,3.8557527121242803,2.4666743,5.176307,3.1320083,10.134382
518,-1,1,0.6003354978354979,True,2.650677608514755,-0.5395944297238088,4.303393,-4.301831,1.8081741,7.1663947
519,1,1,0.9096969696969697,False,-2.83067796282075,-1.799252079392623,-5.626405,-4.108458,4.8476,6.197949
520,1,1,0.8312878787878789,False,2.2081131903013813,2.5216963651649023,3.498824,4.1269846,2.393473,9.736202
521,1,1,0.8533333333333334,False,-0.07421121463436935,-2.797057306083429,-1.5828165,-7.278697,3.587839,5.2053633
522,1,1,0.7520346320346318,False,-1.127715182625816,-0.7457966486708083,-5.9162364,-3.0457208,4.4142785,7.06482
523,-1,1,0.5778030303030303,True,2.1574012484242298,-1.2943230015307403,4.909049,-4.9017982,1.8458397,6.538791
524,1,1,0.819318181818182,False,-3.8370605379708014,0.8115342560034736,-7.538198,0.74241924,6.2070374,7.48695
525,-1,-1,0.10704545454545457,False,3.049520353159509,3.774721845764079,4.3898296,3.1457675,1.9848132,9.160192
526,1,1,0.8914393939393939,False,-2.1438629054870764,2.6705200188009264,-4.883906,1.5827026,5.0584598,8.056972
527,-1,-1,0.20708333333333329,False,4.266939490438034,5.1518126102298885,4.724271,3.3619978,1.8024734,9.482567
528,1,1,0.7755952380952381,False,-0.7043996378624572,-2.287021606295044,-3.0903897,-5.2273707,4.2711735,5.820337
529,-1,-1,0.10303030303030301,False,0.5054703349053445,-2.142728802973551,0.01971099,-3.5481415,3.9119852,6.1210337
530,-1,1,0.6820075757575755,True,-0.5603003727110876,0.4872589224986475,-2.2778199,2.0203006,4.062859,8.02126
531,1,1,0.9272727272727271,False,-0.5276500914836235,0.9003851297920578,-1.0812179,2.1148384,3.641258,8.289869
532,1,1,0.714469696969697,False,-1.0121410882872643,-0.9447474518308798,-3.3522205,3.5267081,4.315684,8.54716
533,1,1,0.6493181818181821,False,3.206733342466946,3.266651688108566,4.0352163,-0.5595734,1.4352564,8.889255
534,1,1,0.5878787878787879,False,-1.1359269994687906,-3.6642446451389827,-3.6047826,-5.344039,4.591614,5.7128906
535,-1,1,0.7206818181818182,True,-0.8186147612701612,-2.897781667805935,-2.5819478,-5.1688356,4.272873,5.897946
536,1,1,0.9312878787878789,False,2.860719498559812,-0.5826588755683343,4.451588,-2.5650043,0.83237207,7.678135
537,1,1,0.9937878787878788,False,-5.805231084673041,0.9898722924881932,-8.687312,3.8333638,6.2923408,8.188641
538,-1,-1,0.1459090909090909,False,3.3859299917970445,5.172975770877203,3.6438498,3.680562,2.130827,9.848425
539,-1,1,0.6273160173160172,True,-0.14451361378479258,-1.9565321088311476,-1.8960844,-4.7615666,3.3002856,5.819058
540,-1,-1,0.06909090909090909,False,-0.7350441063189468,-1.0517180503898709,-7.538199,-4.249658,4.7642727,6.474103
541,-1,-1,0.2153246753246753,False,-1.259216982204886,-3.2465815373576823,-4.181142,-7.1650825,4.5112543,5.4278507
542,-1,-1,0.2441937229437229,False,-0.11160025229236194,3.223722069450192,1.572733,6.095389,3.6521037,10.009031
543,-1,-1,0.21571428571428575,False,0.919131432294068,0.3525655702098272,2.4225512,-3.051284,2.1453078,7.934873
544,-1,-1,0.06499999999999999,False,-2.503428423954258,2.486540814273566,-6.0018477,8.120363,4.7295675,10.136923
545,1,1,0.8702597402597403,False,-2.98663607133766,0.9693601724112132,-7.6990614,1.3940103,6.0130696,7.7236767
546,-1,-1,0.0981060606060606,False,2.1210812666905263,0.9204595211534172,3.0321627,-2.062607,1.6151749,8.107138
547,1,1,0.7481060606060607,False,1.0814008213179802,2.245849453869225,-0.22795643,6.833322,3.8750935,10.056842
548,1,1,0.5006168831168831,False,3.4256042371877684,-1.5056894760598691,7.5244355,-3.5554342,1.3159791,6.4705877
549,-1,-1,0.07992424242424243,False,1.486470272106403,-1.9729345756324053,8.639287,-0.17138891,2.5281847,6.8448725
550,-1,-1,0.4192316017316019,False,-3.0339162364618044,1.858542414611145,-5.658871,6.7164345,5.3160615,9.292612
551,-1,-1,0.25242424242424244,False,3.9564526019735275,-3.094585481468849,7.104099,-6.2537117,1.5494864,5.931802
552,1,1,0.8222619047619049,False,1.8301323242256682,-1.7248764863986685,4.277086,-7.451661,2.1304224,6.566438
553,-1,-1,0.1446212121212121,False,0.6632900835161517,0.5820551571174019,1.1525936,8.055227,3.5206835,8.921074
554,1,1,0.5930411255411254,False,-3.2590205796941705,-2.4664976028081504,-4.931534,-2.1890209,5.1244826,6.211398
555,-1,-1,0.39681818181818185,False,-0.11448022111949024,1.3860514397237078,1.2432586,3.1268542,3.4165144,8.9855995
556,1,1,0.5886363636363636,False,-0.010552622530200102,-4.0112616334434446,-3.9267929,-7.5221443,4.098319,5.4332647
557,1,1,0.939280303030303,False,3.3643303968208036,-1.0704445715923878,5.069302,-4.4072385,1.4427333,6.9844685
558,-1,-1,0.06136363636363636,False,-1.4364915782212975,1.538702818749824,-1.9086462,4.6429057,4.412653,9.100288
559,1,1,0.8439015151515151,False,-2.1622568258829054,-2.4697170822741765,-9.165695,-3.0251374,5.779157,6.338457
560,1,1,0.7833333333333332,False,-0.5934942839283593,-2.3644080902988613,-1.7563984,-6.784061,3.8149772,6.726715
561,-1,-1,0.15784632034632035,False,-2.846985072573913,1.6426821554728084,-6.443799,1.3886166,5.565757,7.8540335
562,1,1,0.7136147186147186,False,3.459070932286463,-2.6336080374426185,10.491254,-3.3864486,2.2610767,7.1457033
563,1,1,0.7918560606060604,False,-2.433262287194895,2.8747619281364107,-7.726189,1.40459,5.4621277,7.8195643
564,-1,1,0.6020454545454544,True,2.1693543815607166,1.3375347900163683,3.3245912,-0.28407177,1.3142946,8.133898
565,-1,-1,0.25045454545454543,False,1.5139686859921058,-0.22785274192237745,2.0176902,-1.6968741,2.2652605,7.1883535
566,1,1,0.9125000000000001,False,4.266673947751973,-1.2416534461701985,5.985798,-3.8973587,0.982812,6.9184055
567,-1,-1,0.12590909090909091,False,1.049532929908789,-1.858673062537416,0.84660983,-5.231997,2.825127,5.821539
568,-1,-1,0.4649242424242424,False,2.562849759960887,-0.9825683183190607,6.3511605,-3.2079904,1.7048733,7.117618
569,1,1,0.6663744588744591,False,-3.42960346199314,-1.1287813566913798,-6.369872,-0.68169284,5.713308,6.704182
570,1,1,0.7540151515151513,False,2.516428661094312,2.1293133522320358,7.3624234,3.6387053,2.1798742,9.019841
571,1,1,0.8411363636363636,False,-0.051571761136886884,-2.371169981044733,-5.356581,-2.8789701,4.327134,6.4508452
572,-1,-1,0.15977272727272723,False,-0.9991014692447676,0.1069250813735045,-5.0992537,9.623102,4.6267905,7.902893
573,-1,-1,0.14655844155844158,False,-0.9522860998704334,-4.513700228157952,-2.8506742,-7.573866,3.87461,5.3969145
574,-1,-1,0.4174242424242425,False,-0.5270240826163869,-0.403526833911925,-3.811916,-1.1904128,3.5043678,7.417496
575,-1,-1,0.19303030303030305,False,1.4906477174432335,-2.9757370852035576,-0.1691929,-5.5055118,2.8717444,5.4854136
576,1,1,0.9143073593073592,False,-4.876356639073945,1.8940551977537492,-7.2484856,3.7726412,6.1116695,8.483968
577,1,1,0.8018939393939394,False,0.4608127063621369,1.1837402945317457,0.7166254,0.9408651,3.193586,8.503935
578,1,1,0.7000378787878787,False,1.1421764571715518,-1.5926205187794418,11.280896,0.5827092,2.8411047,7.190239
579,-1,-1,0.11808982683982684,False,-0.6012423859324787,-4.142163805279066,-3.1605937,-6.557047,4.321292,5.3163686
580,-1,-1,0.25935606060606065,False,-3.4976683318574486,0.6297520327910892,-7.1204,1.0345654,6.197218,7.437997
581,1,1,0.8319047619047618,False,-4.557245805768468,-0.26519399782252906,-5.4703703,4.4716635,5.93734,9.137139
582,-1,-1,0.1487121212121212,False,-0.3249678522598164,0.4342246737779431,-2.2890027,6.2861023,4.91145,9.851675
583,-1,-1,0.0731060606060606,False,4.035243251245328,-0.2125219472243577,8.13694,-2.3339963,0.9054052,7.133109
584,1,1,0.6712121212121211,False,-0.9972524788543744,-0.6229834403273389,-3.1331518,3.3247814,4.421743,8.052237
585,1,1,0.8225757575757576,False,-0.4102435065561256,4.6649624058018615,0.29218173,7.1774516,4.0358787,9.9106655
586,1,1,0.8123701298701299,False,-1.561815320213697,-0.4121053454885899,-3.6953666,5.20564,4.960692,8.915628
587,1,-1,0.38977272727272727,True,0.905877642977427,-3.0048988496442726,-0.051216614,-7.2721524,2.9175992,5.8232684
588,1,1,0.5725541125541126,False,-0.08454551375730922,-0.5806677628001354,-3.9724936,6.9326744,4.580679,8.969543
589,-1,-1,0.041179653679653684,False,-0.03833589106230109,3.1934417524218626,1.7270844,5.5057497,3.227114,10.122875
590,-1,-1,0.09377705627705629,False,-1.8916486600276132,0.42032113697157114,-6.1286798,0.16722383,4.966985,7.450269
591,1,1,0.9395021645021643,False,-2.424961951428469,1.320071316232284,-6.692662,-0.0025476418,5.782907,7.1396074
592,-1,-1,0.2228409090909091,False,-2.838306986611361,1.7521745812141547,-9.917475,1.8835735,5.983656,7.9294453
593,-1,-1,0.11265151515151514,False,1.908522244355982,0.1492979173430361,5.7134037,6.4078894,3.1047623,9.079403
594,1,-1,0.42367424242424245,True,1.5318072459422831,-0.3365202081077212,1.1601712,-3.5742774,2.7956007,6.9565897
595,1,1,0.931818181818182,False,-1.4610841019228231,-0.2780360383943164,-4.653718,-1.0637857,4.7932487,7.474259
596,1,-1,0.4625054112554112,True,0.9149588810221053,1.098215662414085,1.250516,1.1147759,2.634389,8.389058
597,1,1,0.9323484848484848,False,-2.7302662565929174,-1.6105970557706624,-3.8618166,3.258121,4.7958,8.56464
598,1,1,0.941439393939394,False,-1.3788188489240105,2.3582148299922787,-6.2299037,1.1273134,4.789741,7.9032927
599,-1,-1,0.053409090909090906,False,-0.5309944289505838,3.5010187772503802,2.313035,5.231042,3.4081786,10.208691
