feature,anova_f,anova_p,mutual_information,l1_logistic_abs_coef,random_forest_importance,permutation_importance,permutation_importance_std,rfe_inverse_rank,rfe_rank,rank_ANOVA F-test,rank_Mutual Information,rank_L1 Logistic,rank_Random Forest,rank_Permutation Importance,rank_RFE
V001,0.011645799111793686,0.9140733954081066,0.0,0.0,0.001248261908298459,0.003400000000000003,0.0022000000000000023,0.1,10,456,247,299,454,106,401
V002,0.7217998676504674,0.39565594049276726,0.008393435138914551,0.0540003581225707,0.0017095406491796506,-0.0014000000000000013,0.0025377155080899064,0.3333333333333333,3,217,89,77,261,434,51
V003,0.2832407122176071,0.594644137622237,0.002236582513891694,0.016500893800305012,0.002007266687326224,0.004600000000000004,0.0026907248094147442,0.14285714285714285,7,318,191,208,97,59,251
V004,0.009260566938951147,0.9233460947800144,0.0,0.0,0.0016449428907172195,-0.0040000000000000036,0.0023664319132398483,0.09090909090909091,11,463,247,299,305,496,451
V005,3.614962994601536,0.05740573729940537,0.0016762181569052181,0.05632692152830771,0.0024072241280684316,0.0064000000000000055,0.004079215610874231,0.3333333333333333,3,47,209,71,35,32,51
V006,1.9288373121137519,0.1650404913561967,0.0,0.07404756789959094,0.0016829414525097904,0.005200000000000005,0.003487119154832542,0.3333333333333333,3,110,247,35,275,48,51
V007,0.5378842677005982,0.4633969213913062,0.0030320075902099397,0.006575434978988485,0.0016371190194746025,0.0,0.003687817782917158,0.1111111111111111,9,245,179,260,310,345,351
V008,0.46003360249439595,0.4976868123237273,0.0,0.0,0.0006116677224723623,-0.0014000000000000013,0.001280624847486571,0.16666666666666666,6,259,247,299,492,434,201
V009,0.18190256210621236,0.6697892281631755,0.0,0.008493873521647268,0.0014428627174535977,-0.00040000000000000034,0.0008000000000000006,0.16666666666666666,6,349,247,244,406,377,201
V010,0.1787723818571442,0.6724758657850476,0.0,0.0,0.0014617789669084992,-0.00040000000000000034,0.0029393876913398165,0.09090909090909091,11,352,247,299,399,377,451
V011,4.6839406018478424,0.030563955922732,7.521594489290351e-05,0.09281076251907242,0.0026273292387931145,0.002400000000000002,0.0014966629547095778,0.5,2,30,245,13,25,174,2
V012,0.05618989415698957,0.8126468975854447,0.0036317277050201824,0.0,0.002070806285103968,0.0040000000000000036,0.0029664793948382677,0.14285714285714285,7,409,167,299,81,84,251
V013,2.0343869684827007,0.15393240207934303,0.007917345268098064,0.044750155554652594,0.0023568766594894504,0.006600000000000006,0.0039038442591886303,0.25,4,102,98,99,38,30,101
V014,0.24783656821785485,0.6186573392643592,0.0,0.0,0.002262213099750528,0.004600000000000004,0.0038000000000000035,0.125,8,330,247,299,43,59,301
V015,1.060990050107951,0.303114158305049,0.0,0.0591882391552561,0.0014621034820108327,0.0018000000000000017,0.0024413111231467426,0.3333333333333333,3,168,247,60,398,213,51
V016,0.49669503962550277,0.4810380458243782,0.0,0.015689757008359208,0.0015404287022878877,0.0026000000000000025,0.0018000000000000015,0.2,5,252,247,214,360,156,151
V017,0.561745720040325,0.4536459541857482,0.0,0.0,0.0014523384129385413,0.002400000000000002,0.0028000000000000026,0.1111111111111111,9,242,247,299,402,174,351
V018,0.07553879760458636,0.7834651047326436,0.00023088616691380182,0.007176636289883505,0.001882177966031416,0.0038000000000000035,0.003026549190084314,0.14285714285714285,7,399,241,255,150,89,251
V019,1.9578339588425362,0.1619003850752931,0.0,0.048923713071876596,0.0018294496121068645,-0.0018000000000000017,0.004331281565541547,0.2,5,106,247,87,183,454,151
V020,1.481840168616683,0.2236305877140312,0.008246589989104436,0.03705415305741435,0.001380365993816852,0.001200000000000001,0.002400000000000002,0.2,5,135,93,124,426,263,151
V021,0.42953203107758103,0.5122941138671985,0.008335249706280745,0.0,0.0017489742329956496,0.0014000000000000013,0.0020099751242241798,0.125,8,272,91,299,228,245,301
V022,0.2603852226887952,0.6099119915213043,0.006043748644133373,0.0283902321211505,0.0015438178026939292,0.0030000000000000027,0.0020493901531919217,0.25,4,327,128,157,358,128,101
V023,0.18611756068962704,0.6662143189801224,0.010761504404324551,0.0,0.0013990406610064727,-0.001200000000000001,0.003600000000000003,0.09090909090909091,11,346,60,299,420,424,451
V024,0.8647687277577885,0.3525199666063928,0.0,0.03078804013131363,0.0015779717417533558,-0.0010000000000000009,0.002720294101747091,0.2,5,194,247,146,340,413,151
V025,1.5724209573544865,0.21000247194790858,0.0,0.02795260199076314,0.0019636057640869155,0.00020000000000000017,0.003944616584663207,0.16666666666666666,6,129,247,161,119,331,201
V026,1.1030825073719432,0.293717632434898,0.0,0.03161224079287,0.0018172559163478403,-0.00040000000000000034,0.002800000000000002,0.2,5,164,247,144,191,377,151
V027,2.6065366276630413,0.10658185712415041,0.007872239631634859,0.0872239038582066,0.0018282792912393245,0.0010000000000000009,0.002863564212655273,0.5,2,76,99,17,184,277,2
V028,0.1124205421958849,0.7374402331871284,0.0,0.007038832250569272,0.0015939912002988544,0.0010000000000000009,0.001843908891458579,0.16666666666666666,6,385,247,256,328,277,201
V029,0.025484253101041462,0.8731824724915856,0.0,0.0,0.007047395870235442,0.009000000000000008,0.006340346993658949,0.5,2,435,247,299,15,16,2
V030,0.09014489150454477,0.764024271421196,0.0,0.0,0.002271219301972434,-0.0016000000000000014,0.0024979991993593614,0.1,10,394,247,299,42,445,401
V031,0.03161710905820798,0.8588886439246176,0.0,0.0,0.0011100546844628606,0.0018000000000000017,0.002600000000000003,0.125,8,427,247,299,465,213,301
V032,0.8361373589999622,0.36061416481611386,0.0,0.04191548389813433,0.0017547542368326675,0.0006000000000000005,0.004820788317277585,0.25,4,199,247,105,224,299,101
V033,0.31379314629816046,0.5754246332057985,0.009265015618903139,0.0,0.001987538523406684,0.0018000000000000017,0.002749545416973507,0.14285714285714285,7,307,76,299,102,213,251
V034,0.22099312445953656,0.638335552853508,0.004180059844011819,0.0,0.001512152689128692,0.0,0.0028284271247461927,0.14285714285714285,7,335,159,299,371,345,251
V035,0.3146963567079878,0.5748754153900857,1.3454985581695666e-05,0.023349377638836627,0.0021373717554118436,0.0026000000000000025,0.004737087712930808,0.25,4,306,246,185,56,156,101
V036,0.14462510060170805,0.7037660762341985,0.0,0.0,0.00209821458977242,0.0,0.0025298221281347057,0.1,10,367,247,299,71,345,401
V037,0.34069624230877577,0.5594934972696818,0.011606073587739907,0.0,0.0019901213441615617,-0.0008000000000000007,0.0034871191548325416,0.1,10,298,51,299,101,398,401
V038,0.7616850185540834,0.38290658490451646,0.0,0.0,0.0015605156885076484,0.0018000000000000017,0.0010770329614269018,0.1111111111111111,9,213,247,299,347,213,351
V039,1.3582528517015415,0.24397961972615856,0.0020976378460462186,0.039538021962028824,0.001610825948623094,-0.0026000000000000025,0.0034698703145794973,0.3333333333333333,3,141,195,112,322,482,51
V040,0.0007990114333015668,0.9774521904960136,0.0,0.0,0.0006366076100337712,0.004800000000000004,0.002561249694973142,0.1,10,491,247,299,489,54,401
V041,0.6199036837590571,0.4311764656184393,0.007247765611092749,0.0,0.0009993348627425024,-0.002200000000000002,0.0016613247725836165,0.1,10,236,112,299,471,471,401
V042,1.7684051878588942,0.1837313633525016,0.0,0.06627097662919999,0.0019463607140201395,0.0014000000000000013,0.0020099751242241798,0.3333333333333333,3,119,247,47,123,245,51
V043,2.4409008956932126,0.11836668500512076,0.0,0.0635590123600596,0.0018548538460637727,-0.0006000000000000005,0.0018000000000000017,0.3333333333333333,3,84,247,51,167,391,51
V044,3.1009097009970024,0.07840151284400612,0.007359056824515875,0.048255849620212656,0.0016790576016476762,0.001200000000000001,0.0031240998703626647,0.3333333333333333,3,60,108,89,280,263,51
V045,2.6093702759087116,0.10639182459394654,0.0,0.06463908176686421,0.0018211529326096444,0.0018000000000000017,0.0026000000000000025,0.3333333333333333,3,75,247,50,189,213,51
V046,0.5480872177460606,0.4591872962121264,0.0,0.00041477546834520565,0.0015173306446538643,-0.0026000000000000025,0.0025377155080899064,0.125,8,243,247,296,366,482,301
V047,3.181616767236745,0.07462274571007187,0.0,0.06480168207817098,0.001687190945623374,0.0018000000000000017,0.003026549190084314,0.3333333333333333,3,58,247,49,270,213,51
V048,0.002094289417471748,0.9635033985425673,0.0,0.02663804323956689,0.0016619252391296229,0.0016000000000000014,0.002653299832284322,0.3333333333333333,3,484,247,165,294,230,51
V049,28.444776244611305,1.0732531976524813e-07,0.0,0.2329573524571021,0.009516230845078211,0.018799999999999994,0.008352245207128411,0.5,2,8,247,2,9,6,2
V050,2.2104823399160423,0.13723358731363805,0.009932670212331907,0.04938055363481538,0.0020436080089226262,0.0038000000000000035,0.0026000000000000025,0.3333333333333333,3,95,67,86,90,89,51
V051,2.6781659035849036e-05,0.9958714027480181,0.012178950985539672,0.0,0.001690447608038507,0.0008000000000000007,0.002227105745132011,0.1,10,500,48,299,268,285,401
V052,0.35489362179598455,0.5514234303546253,0.008424346222572154,0.0,0.002199125378829039,0.001200000000000001,0.0025612496949731422,0.125,8,293,88,299,50,263,301
V053,0.13500056212794204,0.7133415171248308,0.0015686807700650007,0.0,0.001843931733650133,-0.0020000000000000018,0.0017888543819998333,0.1,10,369,212,299,174,463,401
V054,2.2866145670682068,0.13065242766467067,0.003341749295442842,0.10056528442445282,0.0012317193724735197,0.0020000000000000018,0.0033466401061363047,0.5,2,89,172,7,455,200,2
V055,0.6761282664291226,0.4110212544607,0.0017363185397263337,0.012619505301845805,0.0017254932742709135,0.002400000000000002,0.003072458299147446,0.16666666666666666,6,227,206,223,246,174,201
V056,5.647684672729339,0.01757216957847582,0.0,0.06936259587753948,0.002243731826958197,0.0026000000000000025,0.0028354893757515675,0.25,4,21,247,41,46,156,101
V057,3.549071156467404,0.059723884499132456,0.0,0.06731015568105489,0.002385395971574146,0.00020000000000000017,0.0044226688774992,0.3333333333333333,3,49,247,44,37,331,51
V058,0.36147352145836803,0.5477572189292518,0.015648452368342447,0.022523856719683974,0.00169244207688702,0.0050000000000000044,0.0031304951684997086,0.16666666666666666,6,291,29,188,267,52,201
V059,0.1111449823077696,0.7388793176299234,0.0,0.0,0.0015858501823679783,0.002400000000000002,0.0021540659228538035,0.14285714285714285,7,386,247,299,332,174,251
V060,0.06049170064489989,0.8057457311961994,0.00016008537753853247,0.0,0.0017245022787734528,0.0008000000000000007,0.001326649916142161,0.1,10,404,244,299,247,285,401
V061,1.3193176477508137,0.25085203957183755,0.0,0.07558382301754672,0.001868075483627705,0.0038000000000000035,0.002088061301782112,0.3333333333333333,3,147,247,32,161,89,51
V062,2.7747627614674433,0.09591760564167641,0.009025043440219704,0.08264602789959534,0.0013793920856412316,0.002400000000000002,0.0014966629547095778,0.5,2,69,82,24,427,174,2
V063,0.031862642866253274,0.8583475537848788,0.0026614831651547988,0.0,0.001491915651483744,0.0020000000000000018,0.0020000000000000018,0.125,8,426,183,299,385,200,301
V064,0.1687359248339478,0.6812817319403002,0.0,0.052779195346777184,0.0011937111202307827,0.0026000000000000025,0.0018000000000000015,0.5,2,357,247,79,457,156,2
V065,46.194897129202516,1.4084168238800684e-11,0.0,0.0,0.009332490048446362,0.009000000000000008,0.005385164807134509,0.5,2,4,247,299,10,16,2
V066,0.8264940782067758,0.3633979139807444,0.0,0.05868856170320656,0.0017566105010585313,0.0006000000000000005,0.002200000000000002,0.3333333333333333,3,200,247,63,219,299,51
V067,0.45574105088465,0.4996992676208144,0.011769442194425661,0.0,0.00202581441975168,0.003400000000000003,0.0015620499351813321,0.125,8,261,50,299,92,106,301
V068,0.0021653087547499907,0.9628901797941911,0.0012508588772508489,0.009486336635740649,0.0018061369831375762,0.0006000000000000005,0.003231098884280705,0.2,5,482,222,238,197,299,151
V069,1.0745521788091295,0.3000449140699447,0.0,0.0,0.0013907198124585775,0.0014000000000000013,0.0031048349392520077,0.1,10,167,247,299,423,245,401
V070,0.053036216397557186,0.8178853972420993,0.0,0.0,0.0014929855345529944,-0.00020000000000000017,0.002088061301782112,0.1,10,412,247,299,384,365,401
V071,0.05337095130039714,0.8173217229911656,0.0,0.0,0.0019436682474803073,0.0018000000000000017,0.003515679166249392,0.1,10,411,247,299,125,213,401
V072,0.134223608383856,0.714131222456793,0.004372054980893214,0.0026857364498909147,0.0013760137943611677,0.0014000000000000013,0.0028354893757515675,0.125,8,370,154,286,429,245,301
V073,0.7203284307725638,0.39613786976558424,0.0060420423116807065,0.00406993925502225,0.001658013165930082,0.0038000000000000035,0.003280243893371348,0.125,8,218,129,277,298,89,301
V074,2.520874470497357,0.11250649332750974,0.0,0.08157443587210905,0.0018618697969761504,0.0038000000000000035,0.004686149805543997,0.5,2,81,247,25,163,89,2
V075,2.413028824752592,0.12048772522530203,0.0,0.001611126571144783,0.001484034342464386,0.0,0.0028284271247461927,0.09090909090909091,11,86,247,290,388,345,451
V076,0.4463055036325082,0.5041718160294559,0.0,0.0,0.001644861627938576,0.002400000000000002,0.003322649545167233,0.09090909090909091,11,267,247,299,306,174,451
V077,4.597021190601536e-05,0.9945909543826484,0.007957271876894989,0.0,0.00142552843092025,-0.00020000000000000017,0.0028913664589601943,0.09090909090909091,11,498,97,299,409,365,451
V078,0.29355752175941824,0.5880101680938731,0.011403357072322429,0.0,0.0019709179638034645,0.0008000000000000007,0.0033704599092705466,0.14285714285714285,7,312,56,299,114,285,251
V079,0.029097852321989987,0.8645705682365036,0.019782399850953425,0.0013993138576689572,0.0018321092692907778,0.0038000000000000035,0.002088061301782112,0.16666666666666666,6,433,10,294,182,89,201
V080,0.5210912670345182,0.470461019156015,0.004368865516089393,0.0,0.0012939955562413835,-0.0018000000000000017,0.002088061301782112,0.09090909090909091,11,249,155,299,445,454,451
V081,0.049866544897584665,0.823318486362346,0.0,0.0,0.0015513620811946174,-0.0020000000000000018,0.0017888543819998333,0.09090909090909091,11,414,247,299,353,463,451
V082,0.045882685732938154,0.8304110501171229,0.0,0.0,0.0019199482880484424,0.0028000000000000026,0.003815756805667786,0.1111111111111111,9,418,247,299,140,136,351
V083,0.07623579746632796,0.78249343555591,0.00863346883321503,0.01620671467665172,0.0018691497403344167,-0.00040000000000000034,0.0021540659228538035,0.16666666666666666,6,398,85,209,157,377,201
V084,0.2845909244419478,0.5937671664296469,0.0,0.029849082033559397,0.001666738720046207,-0.0032000000000000028,0.0031240998703626647,0.25,4,317,247,150,289,490,101
V085,0.3673319773799702,0.5445310199637032,0.0,0.0,0.0018621098850690407,0.0018000000000000017,0.003155946767611903,0.09090909090909091,11,288,247,299,162,213,451
V086,3.313856685741018,0.0688476275692784,0.0,0.05676245037135922,0.0017393309926122462,0.0008000000000000007,0.0040199502484483595,0.25,4,54,247,69,234,285,101
V087,0.10226358484587625,0.7491634041286208,0.0,0.0,0.0011190200476609467,-0.0016000000000000014,0.001959591794226544,0.1,10,390,247,299,463,445,401
V088,0.7631846837206584,0.3824387023446649,0.0,0.006722481166672226,0.001667983290617369,-0.006200000000000006,0.0024413111231467426,0.2,5,212,247,258,286,500,151
V089,1.5194763520361305,0.21784377582216258,0.0,0.04994716269780025,0.002001646034107318,-0.002400000000000002,0.0029393876913398165,0.3333333333333333,3,132,247,85,99,476,51
V090,0.45430675644770874,0.5003747775461432,0.009049649783197555,0.0,0.0019707506558252976,0.0040000000000000036,0.0028284271247461927,0.1,10,262,81,299,115,84,401
V091,0.6892346114042219,0.4065240246992902,0.0,0.0,0.00016868403256076317,-0.0014000000000000013,0.0018000000000000017,0.1111111111111111,9,223,247,299,500,434,351
V092,1.0004305450190674,0.31732746836867154,0.0,0.011262689545264075,0.0016822014537220536,0.0020000000000000018,0.00268328157299975,0.14285714285714285,7,177,247,232,276,200,251
V093,0.22894071025957174,0.6323627422283286,0.0,0.0,0.0015095039831909192,-0.0016000000000000014,0.003979949748426483,0.09090909090909091,11,334,247,299,375,445,451
V094,0.05797821356389828,0.8097451770612988,0.0075470610094430235,0.0,0.001737554882641979,0.00040000000000000034,0.0024979991993593614,0.1,10,406,106,299,238,314,401
V095,0.2808481963007251,0.5962047011778654,0.0,0.002048290554953489,0.0013445619484897457,-0.0030000000000000027,0.002720294101747091,0.125,8,320,247,288,437,487,301
V096,1.1382631789614475,0.28614852199872803,0.0,0.014407501263477097,0.0017155338251127325,-0.0014000000000000013,0.001280624847486571,0.125,8,160,247,220,254,434,301
V097,0.005189116188068071,0.9425808499665692,0.009151946716570158,0.0,0.0011378779168818285,0.0014000000000000013,0.0018000000000000017,0.125,8,472,79,299,462,245,301
V098,0.00026876539462828905,0.9869216507170169,0.0,0.0,0.001821801113905352,0.00040000000000000034,0.002653299832284322,0.1111111111111111,9,494,247,299,187,314,351
V099,0.545788522555848,0.4601303994463998,0.007579499922009347,0.0,0.0017293631937957054,0.0006000000000000005,0.004476605857119883,0.1111111111111111,9,244,104,299,242,299,351
V100,0.15739919065289987,0.6916047646092103,0.023695987854603917,0.0,0.0018760094571183923,0.001200000000000001,0.003249615361854387,0.09090909090909091,11,359,6,299,155,263,451
V101,0.42039233191393,0.5168158496927655,0.0003526007326533076,0.0,0.001462204619124352,0.0028000000000000026,0.002561249694973142,0.1,10,274,236,299,397,136,401
V102,0.08938803129265681,0.7649876866670896,0.0,0.0014538168029604563,0.0014813962828898015,0.0020000000000000018,0.0017888543819998333,0.125,8,395,247,292,389,200,301
V103,0.11057799219861705,0.7395219411155408,0.0022737313849909846,0.0036317174286838636,0.001347059605809657,-0.0008000000000000007,0.0028565713714171423,0.09090909090909091,11,387,190,278,436,398,451
V104,0.8988849777758837,0.34319552049059315,0.0,0.04002751001696836,0.0015115170664592513,0.0014000000000000013,0.0018000000000000017,0.25,4,188,247,109,372,245,101
V105,0.3792405151098518,0.5380801247261411,0.0,0.0,0.002015112045992798,0.001200000000000001,0.0033704599092705466,0.1,10,284,247,299,95,263,401
V106,32.36878247088053,1.4633483951397527e-08,0.026756159596999396,0.0,0.013853104214665667,0.018599999999999985,0.011244554237496448,0.14285714285714285,7,6,4,299,4,7,251
V107,0.2779040319756099,0.5981368166989292,0.0,0.011969598130430865,0.0017303006177080604,0.0028000000000000026,0.00271293199325011,0.2,5,322,247,227,241,136,151
V108,0.5229263997414878,0.4696806684692442,0.0,0.0,0.001661743712228693,0.004400000000000004,0.002332380757938122,0.09090909090909091,11,248,247,299,295,70,451
V109,0.42013387629593774,0.5169447298415873,0.0,0.0,0.0017145240428816844,0.002400000000000002,0.003666060555964675,0.09090909090909091,11,275,247,299,255,174,451
V110,1.7902084145564086,0.18105302917339533,0.026483398145818793,0.0306729297284201,0.0014105719256361365,0.0028000000000000026,0.002561249694973142,0.16666666666666666,6,116,5,147,416,136,201
V111,0.3370197687643122,0.5616200083395304,0.0,0.0,0.0018215661626032325,-0.0010000000000000009,0.002720294101747091,0.09090909090909091,11,300,247,299,188,413,451
V112,1.341068401024681,0.24698404794348428,0.0,0.0,0.0015357132181360277,0.005600000000000005,0.003773592452822645,0.1111111111111111,9,144,247,299,361,42,351
V113,0.477372791796038,0.4896950107068347,0.0033204443648813253,0.0,0.0012806440088601822,0.0014000000000000013,0.0018000000000000017,0.1111111111111111,9,255,173,299,448,245,351
V114,0.04990895541632751,0.8232446119420046,0.0,0.0,0.001746001025892678,0.002200000000000002,0.0006000000000000006,0.1111111111111111,9,413,247,299,230,188,351
V115,1.5938255123514178,0.2069277557982081,0.0,0.019865003671991337,0.0017547300346575168,0.0026000000000000025,0.002374868417407586,0.125,8,127,247,194,225,156,301
V116,0.3088486077007063,0.5784498087643061,0.0015226979549445296,0.006985808514580107,0.0017389613871982715,0.001200000000000001,0.0025612496949731414,0.16666666666666666,6,308,214,257,236,263,201
V117,3.2583365719300232,0.07121166679842426,0.0,0.04211092730975102,0.0017804579656792519,0.0008000000000000007,0.002227105745132011,0.14285714285714285,7,57,247,104,206,285,251
V118,0.9172744094916715,0.33830751544989923,0.0,0.018032598797647917,0.0017739916012394108,0.002400000000000002,0.002800000000000002,0.2,5,186,247,203,209,174,151
V119,0.002108466613377758,0.9633801624115693,0.0,0.0,0.001956844383037504,-0.001200000000000001,0.003600000000000003,0.14285714285714285,7,483,247,299,120,424,251
V120,5.431805197642788,0.01987229665670939,0.0056445400912488175,0.0553829079945391,0.002204894541947713,-0.0038000000000000035,0.0027495454169735064,0.2,5,24,140,75,49,495,151
V121,2.7942102248711267,0.09476195998392993,0.00930099613595159,0.02482664754784529,0.0009432194749850126,0.0026000000000000025,0.001280624847486571,0.16666666666666666,6,67,74,175,477,156,201
V122,2.129222938314984,0.14467119218486477,0.0,0.02647966417961168,0.0015163982441980842,-0.0016000000000000014,0.0028000000000000026,0.125,8,99,247,168,367,445,301
V123,0.4433584884495282,0.5055827583866842,0.0,0.0,0.001893207255561054,0.00040000000000000034,0.0021540659228538035,0.1,10,268,247,299,145,314,401
V124,0.13140016028819013,0.7170230378662087,0.0,0.0056232225433878475,0.001812869686464689,0.0026000000000000025,0.0028354893757515675,0.125,8,372,247,265,194,156,301
V125,0.01891572944624718,0.8906222093055153,0.0,0.0,0.0019787310856837327,-0.001200000000000001,0.001326649916142161,0.09090909090909091,11,447,247,299,107,424,451
V126,1.3345950154330273,0.2481275386822854,0.0,0.028022171675731122,0.002196130410523396,0.009800000000000008,0.003026549190084314,0.16666666666666666,6,146,247,159,51,15,201
V127,0.35017694498782753,0.5540799316245081,0.009503215297602452,0.0047855704684178,0.0015109595113401966,0.0006000000000000005,0.0018000000000000015,0.125,8,297,71,272,373,299,301
V128,1.8525592011374818,0.17363952458881549,0.004158080629228067,0.05162617624741267,0.0020676563409725806,0.0030000000000000027,0.0034928498393145993,0.3333333333333333,3,112,160,81,82,128,51
V129,32.627036158074425,1.2839877627155043e-08,0.012826499288593585,0.0,0.009965410531656461,0.023399999999999976,0.007592101158440882,0.2,5,5,44,299,7,4,151
V130,1.1180695041055924,0.290462345095693,0.0007489628922781044,0.007441115509888985,0.002426411094391206,-0.001200000000000001,0.0018330302779823375,0.1111111111111111,9,162,230,252,32,424,351
V131,1.1507177734675318,0.28352848988852836,0.0,0.058452036399761514,0.001756197885369229,-0.005400000000000005,0.004200000000000004,0.3333333333333333,3,158,247,65,220,499,51
V132,0.28049079625216583,0.5964385525502138,0.0,0.005586667714020236,0.0017373294684744653,0.0,0.0021908902300206666,0.14285714285714285,7,321,247,266,239,345,251
V133,0.12474607364664622,0.7239801885487446,0.0,0.0,0.0018383180978128167,0.004800000000000004,0.0016000000000000014,0.1,10,375,247,299,178,54,401
V134,0.14834587552542516,0.700162133972646,0.004847983702092495,0.0,0.0009602243359109339,0.0008000000000000007,0.0034871191548325425,0.125,8,365,149,299,475,285,301
V135,0.6489380906159319,0.4205884541047558,0.0013500767243779244,0.0018114024912490808,0.0020904005733804183,-0.00040000000000000034,0.002653299832284322,0.14285714285714285,7,231,218,289,72,377,251
V136,0.29308196379794765,0.5883126279930309,0.0,0.014771672197764898,0.0017780503195476526,0.0038000000000000035,0.003280243893371348,0.2,5,313,247,218,208,89,151
V137,5.280475160893868,0.02166873099742535,0.0,0.07497470602429757,0.002593345316847168,-0.004600000000000004,0.0038000000000000035,0.5,2,25,247,34,27,498,2
V138,3.972251634462222,0.04639167833871601,0.003825167444706512,0.08357006607093675,0.002245382335982086,-0.002200000000000002,0.003736308338453884,0.5,2,42,165,23,45,471,2
V139,1.0178557493903782,0.3131503345960852,0.005660876676658155,0.03066759843889174,0.001587765820882283,-0.0010000000000000009,0.002569046515733028,0.16666666666666666,6,174,139,148,331,413,201
V140,2.425679115158095,0.11951987712526085,0.0037298660984985688,0.05165007377252534,0.0016273995737655278,0.005200000000000005,0.003249615361854387,0.25,4,85,166,80,315,48,101
V141,1.298535835623503,0.2546174372491735,0.0032955828214951133,0.08694980733075137,0.001935008595340392,0.0032000000000000028,0.002227105745132011,0.5,2,148,174,20,132,113,2
V142,0.15603936719526493,0.6928716324785329,0.0,0.011770376860753346,0.001823577409836887,0.00020000000000000017,0.0018867962264113225,0.16666666666666666,6,362,247,231,185,331,201
V143,0.625638334659902,0.4290536088868918,0.0,0.0,0.0012497610054367373,0.0006000000000000005,0.0022000000000000023,0.1,10,235,247,299,453,299,401
V144,0.24287027607098705,0.6221948461939836,0.0,0.0,0.0015092825800378914,0.002200000000000002,0.001400000000000001,0.125,8,331,247,299,376,188,301
V145,0.3383193878347992,0.5608665286175558,0.0,0.02567507916199625,0.0012955812435531985,-0.0014000000000000013,0.0015620499351813324,0.25,4,299,247,172,444,434,101
V146,0.5630619915874725,0.45311749821637387,0.0,0.0,0.0018684423013507498,-0.00040000000000000034,0.0021540659228538035,0.1,10,241,247,299,159,377,401
V147,1.7416532003722864,0.18708068271626785,0.020949631902850818,0.02183783185268715,0.0013999981535302943,-0.00040000000000000034,0.0014966629547095778,0.14285714285714285,7,121,8,189,419,377,251
V148,0.4041106872573117,0.5250467287391767,0.0,0.0194354049613887,0.001951252281150423,0.00040000000000000034,0.0032000000000000028,0.2,5,277,247,198,122,314,151
V149,0.02988180199380191,0.8627762032571158,0.002362295695208072,0.0,0.001370444193128772,0.006200000000000006,0.0027495454169735064,0.09090909090909091,11,431,189,299,431,34,451
V150,3.798357823781855,0.051442657094957656,0.011467224072780446,0.0554359250288516,0.002302935563642409,-0.0016000000000000014,0.0024979991993593614,0.25,4,45,55,74,41,445,101
V151,0.29907367854507166,0.58452479485126,0.001650370075565899,0.012060413895570695,0.0015586424840739182,0.0014000000000000013,0.0020099751242241798,0.16666666666666666,6,311,210,226,348,245,201
V152,0.010538503960705109,0.918245332755543,0.0,0.0,0.0017379241978239515,0.0030000000000000027,0.0036055512754639926,0.16666666666666666,6,457,247,299,237,128,201
V153,3.4483853005824465,0.06346066530635651,0.015523544656383947,0.07965314438884594,0.0016983021557257338,0.00040000000000000034,0.003072458299147446,0.5,2,50,30,28,266,314,2
V154,2.2829668533514362,0.13095957920122375,0.009294435434422432,0.03211187485289675,0.008240675245458426,0.006200000000000006,0.003736308338453884,0.5,2,90,75,140,12,34,2
V155,0.8943770299314764,0.34440827715896366,0.0,0.01908041405450011,0.0005325638683487896,0.0036000000000000034,0.002653299832284322,0.2,5,190,247,200,494,99,151
V156,1.3870156322545606,0.23904999561480064,0.0,0.01455219581874169,0.0017393067467095843,0.002400000000000002,0.0024979991993593614,0.16666666666666666,6,139,247,219,235,174,201
V157,0.15714362670307808,0.6918423740364524,0.0007680612646656648,0.0,0.0019695180029208844,0.0008000000000000007,0.0033704599092705466,0.1111111111111111,9,360,229,299,116,285,351
V158,0.25687079681524755,0.6123340827502946,0.00714828834651593,0.0,0.0016075537287969382,0.0,0.0017888543819998333,0.125,8,328,113,299,323,345,301
V159,0.7387408368566863,0.39016764190144754,0.0,0.027410729318882075,0.0017906368144930199,0.0026000000000000025,0.0022000000000000023,0.16666666666666666,6,216,247,164,201,156,201
V160,0.9862790791584178,0.32077375862146285,0.0,0.0468019612328993,0.001853661281527668,-0.0020000000000000018,0.0037947331922020587,0.25,4,178,247,93,168,463,101
V161,0.0003455331463981552,0.9851712154499599,0.013760065131430022,0.0,0.0015941050293536384,-0.0008000000000000007,0.002400000000000002,0.1,10,493,38,299,327,398,401
V162,3.4374536867683667,0.06388112719335422,0.0,0.07264819713247282,0.0016178531715305932,0.0,0.0025298221281347057,0.5,2,51,247,36,318,345,2
V163,0.8109495964353882,0.367948179166722,0.0033757570023191796,0.02348445414119438,0.0015705141099067817,0.008000000000000007,0.0028284271247461927,0.16666666666666666,6,203,171,179,346,20,201
V164,3.33440354669993,0.06799417594053364,0.0,0.0597346641062237,0.001311751358429586,0.0006000000000000005,0.003693237062523881,0.3333333333333333,3,53,247,58,442,299,51
V165,1.5012283056605402,0.22062687971957853,0.0,0.028935082677706277,0.0019349326071043367,0.0,0.0030983866769659363,0.2,5,134,247,153,133,345,151
V166,1.7921802384007288,0.18081304682839863,0.006161425436183698,0.07849647177322219,0.001648443066071135,0.0006000000000000005,0.0015620499351813321,0.5,2,115,124,30,301,299,2
V167,0.0008577319729252277,0.9766385708380443,0.0,0.008737380028504115,0.000711031379262512,0.001200000000000001,0.000979795897113272,0.2,5,490,247,242,486,263,151
V168,1.8237477195295453,0.17702076046825763,0.007751280559379126,0.04057457490723471,0.0013191435946229855,0.0032000000000000028,0.002400000000000002,0.25,4,113,101,107,440,113,101
V169,2.255792382941693,0.1332733220655674,0.0,0.08700372962560227,0.0006865282750526752,-0.0008000000000000007,0.002227105745132011,0.3333333333333333,3,92,247,19,487,398,51
V170,0.0015609042170050427,0.9684890990525349,0.001836108773665579,0.0,0.0014726563526826903,-0.00040000000000000034,0.0029393876913398165,0.09090909090909091,11,487,202,299,394,377,451
V171,0.12412370522756795,0.7246414895542983,0.0013298782160728884,0.0,0.0018795578711783734,-0.002400000000000002,0.001743559577416271,0.125,8,376,219,299,152,476,301
V172,0.01009579980057441,0.9199750420737227,0.0,0.0,0.0019261923411495081,0.0032000000000000028,0.0018330302779823377,0.09090909090909091,11,459,247,299,137,113,451
V173,0.8107898117170035,0.3679953620983784,0.0031897267251079775,0.00146109151989757,0.0021608057228747163,0.003400000000000003,0.0015620499351813324,0.1,10,204,175,291,55,106,401
V174,0.5936614863464149,0.4410978220515526,0.0010360105680251586,0.0,0.0006641798191383469,-0.00040000000000000034,0.0021540659228538035,0.1,10,238,226,299,488,377,401
V175,0.019537417840240785,0.8888508166299512,0.017126502544824618,0.0,0.001645485300292819,0.00040000000000000034,0.0021540659228538035,0.09090909090909091,11,445,19,299,303,314,451
V176,2.5504247067386587,0.11042274462209789,0.0,0.024961357329591236,0.002098738492458395,-0.0008000000000000007,0.003487119154832542,0.16666666666666666,6,79,247,174,70,398,201
V177,0.14976477057915566,0.6988014675379677,0.0,0.0,0.0018594989218018601,-0.00020000000000000017,0.0026000000000000025,0.1,10,364,247,299,164,365,401
V178,2.7689452081808406,0.09626628551723179,0.006369305438019168,0.01913807807454684,0.0014997807105234051,-0.0020000000000000018,0.0020000000000000018,0.14285714285714285,7,70,122,199,380,463,251
V179,0.023767460102857973,0.8774936409475123,0.010486005470105919,0.0,0.0016592422335367082,0.0008000000000000007,0.0018330302779823377,0.1,10,437,64,299,297,285,401
V180,0.5166845758644005,0.47234343741282747,0.0026049394199381126,0.02517283157098643,0.0017243717579067215,-0.001200000000000001,0.00271293199325011,0.2,5,250,184,173,248,424,151
V181,0.03714435282042855,0.8471910307888463,0.01315670265550617,0.0,0.0019347127632868577,-0.0010000000000000009,0.0042190046219458014,0.125,8,422,43,299,134,413,301
V182,0.13090717045678968,0.7175315609875582,0.00172711860739172,0.0,0.0020044710563510604,0.0028000000000000026,0.00271293199325011,0.09090909090909091,11,373,207,299,98,136,451
V183,0.11840956716476199,0.7308020953304345,0.0016887542727501703,0.01486430193332962,0.0017988491470457323,0.00040000000000000034,0.0029393876913398165,0.16666666666666666,6,381,208,217,198,314,201
V184,0.013112462689299598,0.9088452932282581,0.0015387902196635217,0.0,0.0017800598723586058,0.0030000000000000027,0.002720294101747091,0.16666666666666666,6,454,213,299,207,128,201
V185,3.8768896996599005,0.04909317718696464,0.002171222579166354,0.04570362250562992,0.002109065032577305,0.0016000000000000014,0.0021540659228538035,0.25,4,43,193,96,69,230,101
V186,1.1289973476037791,0.28811771523350654,0.0,0.02653860804255117,0.0016657839247202293,0.0038000000000000035,0.003026549190084314,0.125,8,161,247,167,291,89,301
V187,0.6556900186550018,0.4181820891614837,0.0,0.03296741730292098,0.001719367768531943,0.0028000000000000026,0.002400000000000002,0.25,4,228,247,136,251,136,101
V188,0.9762541445226718,0.3232449871629157,0.005884714903312549,0.01863698726467571,0.0018412003897937711,0.0016000000000000014,0.0032000000000000028,0.2,5,179,133,201,177,230,151
V189,0.4867157912042201,0.48547715847464645,0.0,0.0,0.001681608724954696,0.004800000000000004,0.003709447398198285,0.1111111111111111,9,253,247,299,277,54,351
V190,0.004757893207333913,0.9450144447825961,0.0,0.0,0.0010736940744256404,0.0010000000000000009,0.0018439088914585793,0.125,8,474,247,299,466,277,301
V191,0.3992359886840744,0.5275563748721609,0.001891144990028959,0.016005030383267733,0.001515879723057789,0.001200000000000001,0.0020396078054371156,0.125,8,280,199,212,368,263,301
V192,0.11387984131800004,0.7358049499577319,0.0068275902355301454,0.0,0.0019425091252190459,-0.0010000000000000009,0.0032557641192199438,0.16666666666666666,6,384,116,299,127,413,201
V193,0.012914861684390848,0.9095317623067696,0.0,0.0,0.0017466205582992722,0.002200000000000002,0.0022715633383201114,0.1111111111111111,9,455,247,299,229,188,351
V194,1.5046677743099777,0.2200990745044847,0.004375281774253725,0.041108666502186836,0.0021347896225845484,0.00040000000000000034,0.002332380757938122,0.25,4,133,153,106,59,314,101
V195,0.12154072013988425,0.7274061563971853,0.014550002141556106,0.0,0.0017855455911866928,0.001200000000000001,0.0032496153618543867,0.1111111111111111,9,380,33,299,202,263,351
V196,0.3516895185289691,0.5532254068289494,0.0,0.02798447148759489,0.001397390725911108,0.0016000000000000014,0.0021540659228538035,0.25,4,295,247,160,421,230,101
V197,4.101294485239569,0.042983120005577635,0.009262685073021082,0.05800256980002949,0.0012939197996923288,0.002200000000000002,0.0032802438933713478,0.25,4,41,77,66,446,188,101
V198,1.0307046962185638,0.31011613406405003,0.000571190018006984,0.034474981280793286,0.001297879526854763,0.0014000000000000013,0.001280624847486571,0.25,4,172,233,132,443,245,101
V199,0.6855454831538186,0.40778255771793986,0.0,0.0071838734719321855,0.0008575888455287954,0.0028000000000000026,0.0020396078054371156,0.125,8,224,247,254,483,136,301
V200,4.555151318595563,0.032941279749476034,0.0,0.05039705606667948,0.002046502644861749,0.004600000000000004,0.006575712889109444,0.2,5,32,247,84,89,59,151
V201,0.398899376203574,0.527730463944717,0.006314659568005254,0.028498511280774415,0.0013607259475835831,0.0028000000000000026,0.0031240998703626647,0.3333333333333333,3,281,123,156,433,136,51
V202,0.8499874588086047,0.3566671960877768,0.006580471701441493,0.008387772367020058,0.0015289086759177504,0.0028000000000000026,0.0027129319932501094,0.16666666666666666,6,198,119,246,363,136,201
V203,0.02205170204403841,0.8819646270912563,0.0,0.015008934768388148,0.0017136378187293082,0.006600000000000006,0.0035832945734337865,0.2,5,440,247,216,256,30,151
V204,0.20035907715605633,0.654479689741722,0.0,0.0,0.001557607598182256,-0.0006000000000000005,0.0039038442591886307,0.1,10,341,247,299,349,391,401
V205,5.616682842480549,0.01788478259948063,0.0,0.09333403513433748,0.0029007919672979308,-0.0018000000000000017,0.004237924020083422,0.5,2,22,247,12,21,454,2
V206,6.007539691705608,0.014330018517835502,0.003090922808548502,0.07148660366002452,0.000872817697455698,0.0040000000000000036,0.0030983866769659363,0.3333333333333333,3,18,178,37,481,84,51
V207,0.04405185932769221,0.8337785571671961,0.0,0.0054005693619511306,0.001943667459219863,-0.00040000000000000034,0.002332380757938122,0.2,5,420,247,269,126,377,151
V208,2.323033923036889,0.12762944577652488,0.0,0.053452965058078214,0.0010461472254548775,0.0032000000000000028,0.00271293199325011,0.3333333333333333,3,87,247,78,469,113,51
V209,0.03058922593164936,0.8611776924177024,0.008559776831090993,0.0,0.0016679329855502707,0.0020000000000000018,0.00268328157299975,0.1,10,430,86,299,287,200,401
V210,0.3632623018128645,0.5467683952386468,0.0,0.010546436390358222,0.0015529353117144967,0.004600000000000004,0.0034698703145794978,0.125,8,289,247,235,350,59,301
V211,0.26495106725556966,0.6067958613006968,0.0,0.0,0.0017118762628548923,-0.00020000000000000017,0.004044749683231341,0.09090909090909091,11,325,247,299,257,365,451
V212,4.4637525068142105,0.03474509970489497,0.0,0.09515213572553326,0.001925450913985691,0.0010000000000000009,0.0022360679774997916,0.5,2,33,247,10,138,277,2
V213,0.35188344201210864,0.5531160299336614,0.008372107299582598,0.0,0.0015317380367192652,0.0008000000000000007,0.002227105745132011,0.14285714285714285,7,294,90,299,362,285,251
V214,0.8053709153730017,0.3696005120531495,0.001256202495751868,0.037121536729977804,0.0016680980080474627,0.010000000000000009,0.0021908902300206666,0.25,4,207,221,123,285,14,101
V215,1.0971861046142688,0.29501116071474864,0.0,0.04030171817597617,0.0013387310962537393,0.0014000000000000013,0.0015620499351813324,0.3333333333333333,3,165,247,108,439,245,51
V216,0.0014184362014289346,0.9699608311355358,0.009723539609102438,0.0,0.0015076868976647356,0.0010000000000000009,0.0034928498393145993,0.1,10,488,68,299,377,277,401
V217,1.2065912809680663,0.27214061143829843,0.0,0.03181893480133716,0.0015063560843715782,0.0050000000000000044,0.003820994634908563,0.2,5,154,247,142,378,52,151
V218,1.8183848225358306,0.17765848842023496,0.013853318317074592,0.019576589949579802,0.0019775917356598897,0.001200000000000001,0.004915282290977808,0.1111111111111111,9,114,36,196,109,263,351
V219,0.3859964963930685,0.5344822294652948,0.0,0.0,0.0019188264364642016,0.0040000000000000036,0.003346640106136305,0.1111111111111111,9,283,247,299,141,84,351
V220,0.3198218640509011,0.5717782172102706,0.0,0.0,0.0015231320467938502,0.0008000000000000007,0.0029933259094191557,0.125,8,304,247,299,365,285,301
V221,0.8076922117340123,0.3689117211136,0.005317145775256105,0.028842003604591656,0.001684387299346776,-0.0026000000000000025,0.0015620499351813321,0.25,4,205,142,155,273,482,101
V222,2.0782936138710713,0.14956382998196613,0.0,0.0590955996605448,0.0012706839808770609,0.0030000000000000027,0.0020493901531919217,0.3333333333333333,3,101,247,61,449,128,51
V223,0.11438463503426013,0.7352419989666745,0.0,0.00668752425514808,0.001879254571248314,0.0032000000000000028,0.0027129319932501094,0.1111111111111111,9,382,247,259,153,113,351
V224,0.717069341334514,0.39720831749323043,0.01716981595402922,0.039241853921617546,0.0022204212721353457,0.0010000000000000009,0.002720294101747091,0.3333333333333333,3,219,18,113,47,277,51
V225,1.942136696508294,0.16359171308662784,0.00582644872762339,0.01185150296817491,0.001878601089326094,-0.0018000000000000017,0.003944616584663207,0.125,8,109,134,230,154,454,301
V226,0.43823907614053376,0.5080499480873811,0.005662228098545885,0.0,0.0015721546295275278,0.0026000000000000025,0.001280624847486571,0.09090909090909091,11,270,138,299,345,156,451
V227,4.212576479090403,0.040255361909325924,0.0,0.08901437882988787,0.0021157284185808973,0.004400000000000004,0.0034409301068170535,0.5,2,38,247,16,65,70,2
V228,2.853382447120466,0.0913379379566414,0.0025830945950859885,0.05065649189474348,0.0009648003549346327,-0.0014000000000000013,0.002200000000000002,0.2,5,66,185,83,473,434,151
V229,0.38772728577580073,0.5335675215742427,0.001922872459345193,0.0,0.0002906018848366427,-0.0008000000000000007,0.001326649916142161,0.1,10,282,198,299,497,398,401
V230,0.12271463779768846,0.7261456196238442,0.0021988116845652605,0.0,0.001870059438775872,0.004600000000000004,0.0028354893757515675,0.14285714285714285,7,379,192,299,156,59,251
V231,0.0001151367038140423,0.9914397927703716,0.0,0.0,0.0013588493959731177,0.006000000000000005,0.003898717737923589,0.09090909090909091,11,497,247,299,435,38,451
V232,0.572669915243882,0.44928913253767416,0.01052777319586351,0.0,0.0014249565895349153,-0.0014000000000000013,0.001280624847486571,0.1,10,240,62,299,410,434,401
V233,0.0313755937204555,0.8594229971284483,0.0,0.0,0.0015778648490531308,0.0026000000000000025,0.0034698703145794973,0.1,10,429,247,299,341,156,401
V234,0.010441010827039375,0.9186230521260319,0.000297456499521509,0.0,0.0016876996274020422,-0.0020000000000000018,0.003464101615137758,0.125,8,458,237,299,269,463,301
V235,0.0027566794392482777,0.9581322853394585,0.0,0.0,0.0015158637302366378,0.005600000000000005,0.005351635264103866,0.1,10,478,247,299,369,42,401
V236,0.18139143415951914,0.670226054956561,0.005185041898187137,0.0,0.0018345298125073588,0.005400000000000005,0.0023748684174075855,0.1,10,350,144,299,181,45,401
V237,0.8522056444658296,0.3560405851475909,0.011567563065006947,0.02967024609046032,0.0015522980994339389,0.004400000000000004,0.0021540659228538035,0.2,5,197,52,151,351,70,151
V238,1.3461866524483075,0.2460844976358084,0.0,0.017703564306078386,0.0011692502482168689,-0.0018000000000000017,0.0024413111231467426,0.16666666666666666,6,142,247,205,460,454,201
V239,1.6840959673860723,0.19453088275597036,0.0,0.01944615865444165,0.001926751890711259,-0.0018000000000000017,0.003515679166249392,0.1,10,123,247,197,136,454,401
V240,0.2764678929676463,0.5990840368151065,0.0,0.010682194857664987,0.0014985585919889371,0.004400000000000004,0.0012000000000000012,0.14285714285714285,7,323,247,234,382,70,251
V241,0.00015530754970278794,0.9900580687128427,0.0,0.0,0.0013851045206078145,0.0,0.0015491933384829684,0.1111111111111111,9,495,247,299,425,345,351
V242,99.52426895319472,6.589050197436929e-23,0.042258108339372935,0.05959705953816841,0.016341590923615586,0.02919999999999997,0.010127191120937695,0.5,2,2,1,59,2,2,2
V243,0.24189387745574864,0.6228956188388027,0.01469699854181128,0.0,0.001810143089811406,0.0016000000000000014,0.0014966629547095778,0.16666666666666666,6,332,32,299,195,230,201
V244,3.4035088943235596,0.06520580544391963,0.0,0.03273652708019469,0.0021205301694183147,-0.0018000000000000017,0.001400000000000001,0.2,5,52,247,139,62,454,151
V245,1.041620148551811,0.30756852634025283,0.009430725019245134,0.003109881718450954,0.001973927852907923,0.004400000000000004,0.0024979991993593614,0.125,8,170,72,283,112,70,301
V246,2.5894981392334713,0.10773239429777878,0.0,0.05611533281821183,0.0020791179714394303,0.0028000000000000026,0.0027129319932501102,0.3333333333333333,3,77,247,72,78,136,51
V247,2.319595226105732,0.12791151529172506,0.0,0.0180278181588055,0.0017104738209198574,-0.002200000000000002,0.004237924020083422,0.125,8,88,247,204,258,471,301
V248,0.03702936138828059,0.8474248359324655,0.0,0.0,0.0009037744083847338,0.00040000000000000034,0.0014966629547095778,0.125,8,423,247,299,480,314,301
V249,3.1375155265715398,0.07666268631084974,0.0,0.08361642419893742,0.001701914996139668,0.00020000000000000017,0.0028913664589601948,0.5,2,59,247,22,264,331,2
V250,0.004322917638630115,0.9475843191229774,0.0,0.0,0.0016117435906404928,-0.0008000000000000007,0.0027129319932501094,0.14285714285714285,7,475,247,299,319,398,251
V251,0.04775542271457432,0.8270383944264726,0.005099345458325022,0.0,0.001853033188909012,0.002400000000000002,0.001743559577416271,0.1,10,416,146,299,169,174,401
V252,2.0143719682444154,0.15597171803672452,0.0018188491487403091,0.023458698902013558,0.0016453979357130024,-0.0020000000000000018,0.004560701700396556,0.25,4,103,203,182,304,463,101
V253,0.022406394706797738,0.8810261544086067,0.008047768431853175,0.0,0.0009225408795666453,0.0014000000000000013,0.0018000000000000017,0.09090909090909091,11,439,96,299,478,245,451
V254,0.805635377204852,0.36952194869381416,0.0,0.04608779229893906,0.0014630657253746752,0.0018000000000000017,0.0032802438933713478,0.3333333333333333,3,206,247,95,396,213,51
V255,0.019793567022020703,0.8881293334776428,0.006786957159107487,0.0,0.0014738125137919518,0.0006000000000000005,0.0015620499351813324,0.1111111111111111,9,444,117,299,393,299,351
V256,2.2197188337442184,0.13641570661263164,0.0,0.03371460301422899,0.0018816273471830695,-0.00020000000000000017,0.0018867962264113225,0.1111111111111111,9,94,247,135,151,365,351
V257,0.5269566918694965,0.467974168633509,0.0,0.018626691413412985,0.0013908370276552206,-0.002200000000000002,0.003026549190084314,0.16666666666666666,6,246,247,202,422,471,201
V258,0.01585492178866805,0.8998108258412788,0.008311908645161736,0.0,0.0016560318203047825,0.0,0.0023664319132398488,0.09090909090909091,11,450,92,299,300,345,451
V259,0.14713765004548315,0.7013266795595368,0.01435375459384236,0.0,0.0015101502236430015,0.007200000000000007,0.0018330302779823377,0.14285714285714285,7,366,35,299,374,23,251
V260,0.4018197887493395,0.5262234960756145,0.010510309258336292,0.005189943925075306,0.001540775332675441,0.0032000000000000028,0.0033704599092705466,0.125,8,278,63,270,359,113,301
V261,0.932314280545633,0.3343791352219876,0.0,0.009053603621464151,0.0012571548052368688,-0.00020000000000000017,0.0016613247725836165,0.1111111111111111,9,183,247,239,450,365,351
V262,0.04609909124490698,0.8300176841574489,0.010726860270097838,0.01727283510812492,0.001578456431566512,-0.0030000000000000027,0.0033763886032268297,0.25,4,417,61,207,339,487,101
V263,0.3012917968958134,0.5831350441083076,0.0,0.0,0.0017578573495158464,-0.0010000000000000009,0.002720294101747091,0.1,10,310,247,299,218,413,401
V264,0.3698560709058428,0.543151855701247,0.00423757096108357,0.0,0.0020821649073775607,0.0016000000000000014,0.0034409301068170535,0.1111111111111111,9,287,157,299,76,230,351
V265,1.9713851942962215,0.16045632437302995,0.0,0.03179200523024372,0.0014738224311012385,0.0026000000000000025,0.0034698703145794978,0.2,5,105,247,143,392,156,151
V266,0.9209822408581174,0.33733331598797733,0.0,0.019791634402764775,0.001984094808546068,0.004200000000000004,0.0027495454169735064,0.16666666666666666,6,185,247,195,106,82,201
V267,0.021701209026706293,0.8828995964698567,0.008221200608981682,0.001402327957404997,0.001785480081465134,-0.0036000000000000034,0.004270831300812528,0.14285714285714285,7,441,94,293,203,494,251
V268,1.5512187827616446,0.21310164431558734,0.0058187484602600925,0.02656560831767225,0.001631477575444168,0.0020000000000000018,0.0037947331922020587,0.14285714285714285,7,131,135,166,312,200,251
V269,0.8683397849975649,0.35152792052287873,0.003834454462540826,0.004700424172462904,0.002136720551663293,0.008200000000000008,0.0034000000000000033,0.125,8,193,164,273,57,18,301
V270,0.3321277655654775,0.5644737727916325,0.004627544459470556,0.0,0.0014437198582829343,-0.0010000000000000009,0.002863564212655273,0.1111111111111111,9,301,150,299,405,413,351
V271,0.14328883485033903,0.7050733276762621,0.0,0.0,0.0017096049302006092,0.005200000000000005,0.0029933259094191557,0.1,10,368,247,299,260,48,401
V272,0.04547637469142329,0.8311522419187239,0.0,0.0,0.0019056863222167563,-0.0020000000000000018,0.0023664319132398488,0.1,10,419,247,299,142,463,401
V273,0.3791324787592067,0.5381380177859547,0.0,0.0,0.001932537967180092,0.00040000000000000034,0.0024979991993593614,0.1,10,285,247,299,135,314,401
V274,0.0023692520723485964,0.9611831933726417,0.007651868554297003,0.0,0.0018682785524993444,0.005200000000000005,0.004308131845707607,0.09090909090909091,11,481,103,299,160,48,451
V275,0.007744118710699021,0.9298849589073445,0.0,0.0,0.001985459143326984,-0.00040000000000000034,0.0014966629547095778,0.1111111111111111,9,467,247,299,104,377,351
V276,0.45105556943992237,0.5019117493444272,0.0,0.00012745261178414912,0.0011916472370432063,0.004400000000000004,0.0017435595774162708,0.14285714285714285,7,264,247,297,458,70,251
V277,0.009654547387385363,0.9217376361065288,0.0,0.0060671554032801075,0.0002506455084944418,0.0014000000000000013,0.0012806248474865707,0.16666666666666666,6,462,247,263,499,245,201
V278,2.110197171371399,0.14647748639923522,0.005485087055034921,0.03788522749472128,0.002119518671412179,0.005600000000000005,0.004270831300812528,0.25,4,100,141,119,63,42,101
V279,3.2995995694213303,0.06944655948956618,0.001810507367511871,0.056711360881209316,0.002057208098880117,-0.0016000000000000014,0.0024979991993593614,0.3333333333333333,3,55,204,70,86,445,51
V280,1.3349975824613252,0.2480562384648592,0.005096154434824918,0.0100035574778426,0.0016115951875063186,0.0018000000000000017,0.0031559467676119026,0.14285714285714285,7,145,147,236,320,213,251
V281,0.2876592798992456,0.5917841450685848,0.010375939230446551,0.0,0.00059674932576307,0.0014000000000000013,0.0015620499351813324,0.1,10,315,65,299,493,245,401
V282,2.26295350465,0.13265919453738179,0.0,0.0,0.0068781256981350035,0.01120000000000001,0.004489988864128734,0.5,2,91,247,299,16,12,2
V283,6.462605318165569,0.011091725055066675,0.008492305426506697,0.09572335204834057,0.002477081024199984,0.0030000000000000027,0.003255764119219944,0.5,2,16,87,9,30,128,2
V284,0.25229734822607325,0.6155174207653517,0.0,0.0,0.0008670327028437406,0.001200000000000001,0.000979795897113272,0.1,10,329,247,299,482,263,401
V285,0.31986737237673024,0.5717508648704388,0.0,0.0,0.0017549865230699069,0.0,0.00268328157299975,0.09090909090909091,11,303,247,299,223,345,451
V286,3.0246179837657343,0.08216364595106249,0.0,0.06699003908152812,0.0019743756720657204,0.004600000000000004,0.0022000000000000023,0.3333333333333333,3,62,247,45,110,59,51
V287,4.91260959219214,0.026773586060625403,0.0,0.07605488062244645,0.0024169101455473554,0.0016000000000000014,0.0032000000000000028,0.3333333333333333,3,27,247,31,34,230,51
V288,1.1683698771299118,0.27986688983876007,0.0,0.004214203860183173,0.0016628620029234006,0.0028000000000000026,0.0036000000000000034,0.125,8,157,247,276,293,136,301
V289,0.18428707400598351,0.6677608767929799,0.0,0.0,0.0009882099666769593,0.0020000000000000018,0.0015491933384829684,0.1111111111111111,9,347,247,299,472,200,351
V290,0.023256538604765103,0.8788072421596677,0.0,0.0,0.0017204712495455144,0.00040000000000000034,0.0021540659228538035,0.125,8,438,247,299,250,314,301
V291,0.3787568271135447,0.5383394055044739,0.005125768251409646,0.008070115127427174,0.0015480904518470383,0.002200000000000002,0.0028913664589601948,0.14285714285714285,7,286,145,248,355,188,251
V292,0.007084644999307045,0.9329294373598196,0.011532349204790293,0.02592995499476849,0.0015901671649097967,0.0026000000000000025,0.0020099751242241798,0.25,4,468,53,170,330,156,101
V293,0.004256484441891829,0.9479880562283951,0.0,0.0013322100377235872,0.0013437065012273475,0.0038000000000000035,0.003026549190084314,0.125,8,476,247,295,438,89,301
V294,0.013694462006246307,0.9068533197498331,0.0,0.0,0.0016678299921042365,0.002400000000000002,0.0024979991993593614,0.09090909090909091,11,453,247,299,288,174,451
V295,1.22851646750976,0.26782914657073603,0.01383010512649463,0.0,0.0019843345426712906,0.0036000000000000034,0.002332380757938122,0.1111111111111111,9,152,37,299,105,99,351
V296,0.4732316139218128,0.49158407262104037,0.0,0.0,0.0019529123538477484,-0.0006000000000000005,0.0023748684174075855,0.14285714285714285,7,257,247,299,121,391,251
V297,5.9759226192801975,0.014588373296715949,0.0,0.11646848299614704,0.0020642060898223248,0.002200000000000002,0.003026549190084314,0.5,2,19,247,5,83,188,2
V298,0.006183991507688095,0.9373281504805533,0.0,0.016107882402822658,0.0019350584470127063,-0.0008000000000000007,0.0031240998703626647,0.2,5,469,247,210,131,398,151
V299,4.307343330773331,0.03807584907111349,0.0020393474324875704,0.06910898691973937,0.0026064359376642104,0.0028000000000000026,0.002227105745132011,0.5,2,36,197,42,26,136,2
V300,1.7839417642708089,0.18181816970367715,0.0,0.03598655633624403,0.001726332053248308,-0.0006000000000000005,0.004294182110716782,0.3333333333333333,3,117,247,127,244,391,51
V301,0.318696105871651,0.5724556623281373,0.0,0.003446319106226591,0.0019640766772396055,0.0006000000000000005,0.0020099751242241798,0.16666666666666666,6,305,247,279,118,299,201
V302,2.2222154303367727,0.13619557479367284,0.0,0.04370154847836805,0.001728233941682947,0.002200000000000002,0.003026549190084314,0.3333333333333333,3,93,247,101,243,188,51
V303,0.03155856119940881,0.8590179873230833,0.004858520503681074,0.0045125035451525665,0.0015272869136147135,0.003400000000000003,0.0025377155080899064,0.14285714285714285,7,428,148,274,364,106,251
V304,1.6464323434347543,0.1995940178319741,0.0,0.044926397792749435,0.0023976273411973462,0.0026000000000000025,0.00490306026885251,0.2,5,125,247,98,36,156,151
V305,1.2960858583949375,0.2550659128936415,0.0,0.03971508862175444,0.0015753345474937553,0.0014000000000000013,0.0023748684174075855,0.3333333333333333,3,149,247,110,342,245,51
V306,0.4829549872721939,0.48716767656801524,0.0,0.01194420963305608,0.0020745611989218702,0.005800000000000005,0.005688585061331162,0.2,5,254,247,228,80,40,151
V307,1.8863733829490779,0.16976562640469656,0.0,0.059967494456401316,0.002173893270372225,0.0028000000000000026,0.004308131845707607,0.3333333333333333,3,111,247,57,54,136,51
V308,1.4213150818561653,0.23332864375662904,0.0,0.031578167178721014,0.0013668834143307361,0.0016000000000000014,0.002653299832284322,0.14285714285714285,7,137,247,145,432,230,251
V309,0.5269311464409172,0.46798495363291603,0.0002383448414668976,0.03282313011605979,0.0016757402863175927,-0.0008000000000000007,0.002039607805437116,0.25,4,247,240,138,283,398,101
V310,2.511704487021561,0.11316189870685081,0.0,0.07036927867444295,0.002060302219062138,0.0032000000000000028,0.005600000000000005,0.3333333333333333,3,82,247,40,85,113,51
V311,0.7091842977046753,0.3998155261363345,0.014436308988378777,0.05858926582544963,0.0024261726484882903,0.004400000000000004,0.0032000000000000028,0.3333333333333333,3,222,34,64,33,70,51
V312,0.010068592026175644,0.9200825847561058,0.0,0.0,0.0017526620190397083,0.0010000000000000009,0.002720294101747091,0.14285714285714285,7,460,247,299,226,277,251
V313,0.029605127645067928,0.8634066786545566,0.008997868982093316,0.0,0.0015471255007682193,0.0016000000000000014,0.001743559577416271,0.14285714285714285,7,432,83,299,356,230,251
V314,1.103246835630169,0.29368168690535484,0.0,0.03716303091306569,0.0027123377779339967,-0.0014000000000000013,0.003583294573433787,0.2,5,163,247,122,24,434,151
V315,0.4476818820014789,0.5035151540442196,0.016946976382902434,0.02080568523707077,0.0017214944662555102,0.0014000000000000013,0.0028354893757515675,0.2,5,265,20,191,249,245,151
V316,0.005995388543089159,0.9382893127166652,0.0,0.0,0.0016661639147891136,0.004400000000000004,0.0024979991993593614,0.14285714285714285,7,470,247,299,290,70,251
V317,0.03696072934940578,0.8475645607570027,0.0,0.0,0.0015502366439849222,-0.002200000000000002,0.0016613247725836163,0.1,10,424,247,299,354,471,401
V318,2.560990060580198,0.10968806569415325,0.007805777570099259,0.061838549913789155,0.0015447259778961781,0.002200000000000002,0.0027495454169735064,0.3333333333333333,3,78,100,55,357,188,51
V319,0.04399280711286555,0.8338883796872701,0.0,0.0,0.0068065591434353576,0.01080000000000001,0.0028565713714171423,0.5,2,421,247,299,18,13,2
V320,0.09765987407259208,0.7546887688209448,0.0028815321733839383,0.0,0.001581926866627039,0.0064000000000000055,0.0024979991993593614,0.1,10,392,181,299,335,32,401
V321,0.9428165248596169,0.3316720840751673,0.0007092519060156732,0.00778777423486968,0.0017183778961052582,0.00020000000000000017,0.002271563338320112,0.16666666666666666,6,180,231,249,253,331,201
V322,1.9994306227843968,0.15751410316765083,0.0,0.03893223316882575,0.0019742057996848736,0.002400000000000002,0.0024979991993593614,0.25,4,104,247,115,111,174,101
V323,0.3503776742750903,0.5539663868061716,0.003868770441949998,0.0,0.0018905005537374032,-0.0010000000000000009,0.0033763886032268293,0.14285714285714285,7,296,163,299,147,413,251
V324,8.392836176469364,0.0038080229289695,0.003552548852938653,0.13831029942879197,0.0022153011790256366,-0.0008000000000000007,0.0040199502484483595,0.5,2,14,169,3,48,398,2
V325,0.13218107231496118,0.7162197249219934,0.004257349238454555,0.0,0.0017981566319388753,0.0018000000000000017,0.004044749683231341,0.09090909090909091,11,371,156,299,199,213,451
V326,0.008667948082232748,0.9258320092941793,0.0,0.0027346016007061846,0.0014910857511925796,0.0020000000000000018,0.0023664319132398488,0.14285714285714285,7,465,247,285,386,200,251
V327,0.20643875884833132,0.6496224580963562,0.0,0.007728299617773093,0.0021215583097523518,0.0032000000000000028,0.0025612496949731422,0.1111111111111111,9,338,247,250,60,113,351
V328,0.17082280989797857,0.6794259365299459,0.0024126506557524685,0.006440219852071548,0.0015803854089772537,0.0028000000000000026,0.003600000000000003,0.16666666666666666,6,356,188,262,336,136,201
V329,1.0174227578209225,0.3132532561591971,0.0,0.003432406306492326,0.0014716154641001707,0.0006000000000000005,0.0028354893757515675,0.09090909090909091,11,175,247,280,395,299,451
V330,4.766849021924446,0.029128877194991434,0.011505692710621851,0.051080542099319726,0.001978690965578558,0.006800000000000006,0.002039607805437116,0.16666666666666666,6,29,54,82,108,26,201
V331,0.7710392129221789,0.3800013331907471,0.0035380674903802145,0.03284181223182819,0.0019438714606231082,0.006000000000000005,0.0034641016151377574,0.2,5,210,170,137,124,38,151
V332,0.2017837516506242,0.6533336089557287,0.0,0.0,0.0014559892436553327,0.005400000000000005,0.0032310988842807055,0.09090909090909091,11,340,247,299,401,45,451
V333,0.8043307837362611,0.36990972876827566,0.0070288488166729834,0.0,0.0006331423634321254,0.0018000000000000017,0.0006000000000000006,0.1111111111111111,9,208,115,299,490,213,351
V334,3.2881352640236963,0.06993221525827763,0.01082721765834993,0.05716368452192821,0.0020564838979833275,-0.001200000000000001,0.0020396078054371156,0.25,4,56,58,68,88,424,101
V335,0.5093662023981477,0.4754967085494135,0.004520870027483692,0.014328790614812702,0.0029411188450066033,0.0036000000000000034,0.0036660605559646754,0.14285714285714285,7,251,152,221,20,99,251
V336,0.28249116032949934,0.5951321347512244,0.0,0.0,0.0013606920700259709,0.004800000000000004,0.0016000000000000014,0.14285714285714285,7,319,247,299,434,54,251
V337,47.04506603645758,9.217496311271356e-12,0.01596971293941296,0.0,0.009095976269992163,0.007000000000000006,0.0046690470119715045,0.5,2,3,27,299,11,24,2
V338,0.0697934003555081,0.7916650728798965,0.006434262704339222,0.0051362291204904076,0.0017731305836231677,0.0040000000000000036,0.0037947331922020587,0.16666666666666666,6,402,121,271,210,84,201
V339,30.081219012421144,4.669031530885037e-08,0.029130665928875032,0.0,0.015410663865852582,0.03119999999999994,0.006399999999999973,0.5,2,7,2,299,3,1,2
V340,0.0028278145492720594,0.957596038173807,0.0,0.0022356191859277453,0.0016744954965460539,0.0032000000000000028,0.002039607805437116,0.14285714285714285,7,477,247,287,284,113,251
V341,0.8819830331239112,0.3477726336609482,0.003626702578301888,0.0461172820112846,0.0017552084435637468,0.002400000000000002,0.0028000000000000026,0.3333333333333333,3,191,168,94,222,174,51
V342,0.8972740034903923,0.343628251256901,0.0021238565844203805,0.0,0.002181979519945616,0.00020000000000000017,0.002088061301782112,0.09090909090909091,11,189,194,299,53,331,451
V343,0.008793853326198954,0.9252968586874366,0.0,0.008818117173624365,0.0018687422390197806,-0.0010000000000000009,0.0022360679774997916,0.2,5,464,247,241,158,413,151
V344,2.1319389745483406,0.14441538800265652,0.0,0.0628272645193537,0.002443902112737493,-0.0032000000000000028,0.0032496153618543867,0.3333333333333333,3,98,247,53,31,490,51
V345,0.11404709598788486,0.7356182721695382,0.0,0.03207486823926521,0.0017001138726533778,0.0,0.0029664793948382677,0.25,4,383,247,141,265,345,101
V346,0.0013439563661013635,0.9707597564274457,0.008879455869335473,0.0,0.0015729845309989125,0.006800000000000006,0.0029933259094191557,0.14285714285714285,7,489,84,299,344,26,251
V347,0.35921797053246796,0.5490088293076862,0.0,0.0,0.001594530245886504,0.0,0.0012649110640673528,0.1111111111111111,9,292,247,299,326,345,351
V348,3.7881916621964167,0.051755391960021574,0.00972247674211868,0.07041557824051682,0.0015136447649589566,0.004800000000000004,0.0034871191548325416,0.5,2,46,69,39,370,54,2
V349,2.71423880379786,0.09961364580381162,0.0010634648470388974,0.08418127068588455,0.0021366188725856178,0.007600000000000007,0.0038781438859330666,0.5,2,71,224,21,58,21,2
V350,1.5913452625869116,0.20728129623012953,0.009604803309096077,0.04285751601269954,0.002545961013474239,0.0026000000000000025,0.0028354893757515675,0.3333333333333333,3,128,70,102,28,156,51
V351,0.19673074344777453,0.6574207630294185,0.0,0.009573731445054034,0.0014045406402233525,0.0028000000000000026,0.002227105745132011,0.1111111111111111,9,344,247,237,418,136,351
V352,0.15698958111559133,0.6919857052461884,0.0024196154077520404,0.0,0.001647124193274359,0.0020000000000000018,0.003346640106136305,0.1111111111111111,9,361,187,299,302,200,351
V353,1.607407303470933,0.20500436375887301,0.00674609603818066,0.038886365293367496,0.0017434008777371353,-0.00040000000000000034,0.0029393876913398165,0.25,4,126,118,116,232,377,101
V354,0.4472044073438278,0.5037427886848749,0.0,0.02343372979584075,0.0014984085721047992,-0.00020000000000000017,0.0016613247725836165,0.2,5,266,247,183,383,365,151
V355,0.45905945486925787,0.49814231204373516,0.0,0.0,0.0019007679192240463,0.0028000000000000026,0.004308131845707607,0.1,10,260,247,299,143,136,401
V356,0.16151850986217128,0.6878052776521395,0.0,0.0,0.0017396697205010162,0.00020000000000000017,0.002441311123146743,0.1111111111111111,9,358,247,299,233,331,351
V357,0.18128884704624043,0.6703138168799958,0.012189330934967657,0.0,0.0018551083765535063,0.004600000000000004,0.003693237062523881,0.09090909090909091,11,351,47,299,166,59,451
V358,0.4255937280426045,0.5142340426097723,0.0,0.012343570845626251,0.0007830176736361861,0.0,0.0,0.2,5,273,247,224,485,345,151
V359,0.44066079591851604,0.5068802793931558,0.00256946353800247,0.025731334910253808,0.0020849759574891815,-0.004200000000000004,0.0022715633383201114,0.2,5,269,186,171,74,497,151
V360,0.8202099854812644,0.36522797543097385,0.0,0.027424116238093064,0.002121048860537215,0.006200000000000006,0.0034000000000000033,0.14285714285714285,7,201,247,163,61,34,251
V361,0.20794713048470526,0.6484307610336285,0.0,0.0,0.0018500198973902128,0.0020000000000000018,0.0020000000000000018,0.09090909090909091,11,337,247,299,171,200,451
V362,0.7473405677232386,0.3874233054622978,0.0,0.023462030464235277,0.002015391065097946,0.00040000000000000034,0.0024979991993593614,0.2,5,214,247,181,94,314,151
V363,0.0026756743226320307,0.9587514571003213,0.0,0.0,0.002115458036286101,-0.0032000000000000028,0.0020396078054371156,0.1111111111111111,9,479,247,299,66,490,351
V364,0.9384529907253759,0.33279326001523946,0.003960141364965697,0.02759484687397193,0.0016762652324759848,0.0016000000000000014,0.003322649545167233,0.25,4,181,162,162,282,230,101
V365,0.10343745909931933,0.7477765472738322,0.0,0.00861158359095499,0.0011133663303125384,0.0,0.0008944271909999167,0.2,5,389,247,243,464,345,151
V366,0.9290021205660599,0.3352389963627313,0.0,0.007454841665484988,0.0017067767434106932,0.004600000000000004,0.0032310988842807055,0.14285714285714285,7,184,247,251,263,59,251
V367,0.19533605869510154,0.6585599111488987,0.010936212548571689,0.0,0.001460710893399052,-0.0006000000000000005,0.0023748684174075855,0.14285714285714285,7,345,57,299,400,391,251
V368,0.015851514794532433,0.8998215342317655,0.0002527061089852012,0.0,0.0017713717617434414,0.004600000000000004,0.0028354893757515675,0.125,8,451,239,299,211,59,301
V369,0.048413976280312396,0.8258688965263368,0.013617644782917715,0.0,0.0016803685925942354,0.004400000000000004,0.0021540659228538035,0.125,8,415,41,299,278,70,301
V370,0.057801366492107493,0.8100300006963665,0.0,0.0,0.0014182928416902614,0.0038000000000000035,0.003026549190084314,0.1111111111111111,9,407,247,299,412,89,351
V371,0.8615132187955801,0.35342768703593475,0.0,0.0234089392677545,0.0019382132900546537,0.0020000000000000018,0.0017888543819998333,0.16666666666666666,6,195,247,184,129,200,201
V372,0.002580284814304261,0.9594927542215477,0.00614706326466985,0.0,0.001770769668247467,0.0018000000000000017,0.002088061301782112,0.09090909090909091,11,480,126,299,212,213,451
V373,0.08420392791437305,0.7717093135184641,0.0,0.0,0.001686414051694487,0.0036000000000000034,0.0021540659228538035,0.1111111111111111,9,396,247,299,271,99,351
V374,0.1842384588727673,0.6678020749777177,0.0,0.0,0.0017689921433254455,0.0026000000000000025,0.0026907248094147442,0.09090909090909091,11,348,247,299,214,156,451
V375,0.8798672778106048,0.3483514060101746,0.012389292502355875,0.034147532980081635,0.0016632717377125317,0.0008000000000000007,0.0029933259094191557,0.2,5,192,45,134,292,285,151
V376,1.3844221227904232,0.2394894915206148,0.005959779384212993,0.01743661413539222,0.0021102064965341054,0.003400000000000003,0.0028354893757515675,0.16666666666666666,6,140,131,206,68,106,201
V377,0.23737834693209425,0.6261595035741155,0.0,0.020315856880924892,0.0013181639651909415,0.0026000000000000025,0.0018000000000000017,0.16666666666666666,6,333,247,193,441,156,201
V378,4.626920889247341,0.03159358410455377,0.0,0.09245900101996554,0.0017452720036446997,0.0,0.0033466401061363056,0.5,2,31,247,14,231,345,2
V379,27.233676547285782,1.9898138458819804e-07,0.0,0.0,0.009630677589003198,0.02579999999999998,0.003155946767611865,0.5,2,9,247,299,8,3,2
V380,0.797736469116534,0.37187855414715104,0.0011252669634442825,0.016107461900297205,0.0017349316082710324,0.0,0.0012649110640673528,0.125,8,209,223,211,240,345,301
V381,0.0001506795335246188,0.9902073114571642,0.0,0.0,0.0014197648354816982,0.00020000000000000017,0.0006000000000000006,0.09090909090909091,11,496,247,299,411,331,451
V382,0.7677197300826778,0.3810287252740313,0.003129162711421607,0.03560707544616825,0.0020290819853809156,0.002200000000000002,0.0028913664589601948,0.3333333333333333,3,211,177,128,91,188,51
V383,2.172541875251245,0.14065137350138837,0.0,0.06675656823759779,0.00188502544116623,0.003400000000000003,0.004294182110716781,0.3333333333333333,3,96,247,46,149,106,51
V384,1.417748939709004,0.23391571359799596,0.0,0.03768214739687574,0.001640606287745968,0.0006000000000000005,0.0023748684174075855,0.25,4,138,247,120,307,299,101
V385,5.10830887373145,0.023918762230245815,0.006046658018359352,0.08066025843999214,0.00201696181191386,-0.0006000000000000005,0.001800000000000002,0.5,2,26,127,27,93,391,2
V386,0.1230011720520979,0.7258389717106479,0.0,0.0,0.0017851671650468803,0.0032000000000000028,0.0020396078054371156,0.125,8,378,247,299,204,113,301
V387,0.05729796130670636,0.8108432997515529,0.0,0.0,0.0017642663640009847,0.0032000000000000028,0.003487119154832542,0.09090909090909091,11,408,247,299,216,113,451
V388,0.3073578093660153,0.5793681304069548,0.0,0.0,0.0006208960942727929,0.0,0.0,0.14285714285714285,7,309,247,299,491,345,251
V389,0.6450821615931605,0.4219719757142305,0.015813739512902547,0.0,0.001413696915372792,0.00040000000000000034,0.002332380757938122,0.125,8,232,28,299,414,314,301
V390,0.10930004069101074,0.7409771049949866,0.019580191532787783,0.0,0.0017555240703666646,-0.0020000000000000018,0.0040000000000000036,0.1111111111111111,9,388,11,299,221,463,351
V391,0.5822532499354957,0.4455205537220894,0.0166129247359299,0.022973481269430166,0.0012003018501420442,-0.00020000000000000017,0.0018867962264113225,0.2,5,239,24,187,456,365,151
V392,0.8121673072047261,0.36758887691330633,0.007733121259168474,0.0,0.0016222956703707012,-0.0010000000000000009,0.0020493901531919217,0.09090909090909091,11,202,102,299,317,413,451
V393,0.019834916848697128,0.8880133126371745,0.005965938333790444,0.00307131137843407,0.0009460191018183596,0.0014000000000000013,0.0025377155080899064,0.125,8,443,130,284,476,245,301
V394,0.019192362789826677,0.8898303829418227,0.0007770374204691954,0.0,0.0014992192769065639,0.006200000000000006,0.0018867962264113222,0.1111111111111111,9,446,228,299,381,34,351
V395,0.6764318840664084,0.41091624741571825,0.0,0.015785958268389647,0.0008057928027218677,0.00020000000000000017,0.0027495454169735064,0.16666666666666666,6,226,247,213,484,331,201
V396,1.2257702992100368,0.2683644660501739,0.016831059790888503,0.0365120656283963,0.0018431326200561463,0.0028000000000000026,0.0016000000000000014,0.25,4,153,23,126,175,136,101
V397,0.07441098620887794,0.7850476242526521,0.0,0.0,0.001583333981311275,-0.00040000000000000034,0.003878143885933066,0.09090909090909091,11,400,247,299,334,377,451
V398,0.4759852915193029,0.4903265886303413,0.023296496503411035,0.008825750091898357,0.0017817509497247816,-0.001200000000000001,0.0031240998703626647,0.125,8,256,7,240,205,424,301
V399,0.12762698191604635,0.7209429950456462,0.00019684698784905308,0.0,0.0015055774184438214,0.0016000000000000014,0.0021540659228538035,0.1111111111111111,9,374,243,299,379,230,351
V400,0.6445314502197415,0.42217012818036687,0.0,0.02817770339707593,0.001281343861766659,0.0020000000000000018,0.00268328157299975,0.2,5,233,247,158,447,200,151
V401,0.45370331083391796,0.5006594460904128,0.007264276628049959,0.006490998881460143,0.0012502407816372145,-0.0014000000000000013,0.0018000000000000017,0.125,8,263,110,261,452,434,301
V402,0.26161899942796873,0.6090665762190222,0.0,0.0,0.0016797710991781718,0.0006000000000000005,0.0031048349392520072,0.1,10,326,247,299,279,299,401
V403,0.21563806583875023,0.6424343770746578,0.0,0.0,0.00045986629010706106,0.003400000000000003,0.0020099751242241798,0.1111111111111111,9,336,247,299,495,106,351
V404,1.9495295031546689,0.16279266129602338,0.0,0.0711775486640016,0.0018228680991917946,0.0008000000000000007,0.0020396078054371156,0.5,2,107,247,38,186,285,2
V405,1.3441057471816389,0.24644973964413572,0.017579813321201065,0.011877733650786124,0.00025419390968330996,0.0006000000000000005,0.0012806248474865707,0.14285714285714285,7,143,15,229,498,299,251
V406,0.1769203853592745,0.6740785153412614,0.0,0.0,0.0017092558365218908,0.004600000000000004,0.0026907248094147447,0.1111111111111111,9,354,247,299,262,59,351
V407,0.6160936150027346,0.4325956945699499,0.007335413824274717,0.004230655932030994,0.0016062972832915309,-0.0006000000000000005,0.003231098884280705,0.16666666666666666,6,237,109,275,324,391,201
V408,0.7413191267521098,0.3893419520247362,0.0,0.005749171923723626,0.0009613870563550741,-0.0016000000000000014,0.003979949748426483,0.14285714285714285,7,215,247,264,474,445,251
V409,0.19895883398736902,0.6556108929586503,0.017602667524431403,0.0,0.001631226621287428,-0.0010000000000000009,0.004024922359499625,0.1111111111111111,9,342,14,299,313,413,351
V410,2.639110234690744,0.10441964969408993,0.009121499469234795,0.04259792655708655,0.0017580280265029969,0.0010000000000000009,0.002569046515733028,0.25,4,73,80,103,217,277,101
V411,3.567147393740343,0.05907819465970507,0.0,0.04716659524666722,0.0020108110396883337,-0.0008000000000000007,0.002561249694973142,0.25,4,48,247,91,96,398,101
V412,6.220246693324652,0.012710021400305808,0.0,0.04711373569268179,0.001836077431208563,0.006800000000000006,0.0063371918071019485,0.2,5,17,247,92,179,26,151
V413,3.004103694626431,0.08320818369455053,0.0,0.04815990422714469,0.0014470293558331614,0.002400000000000002,0.0032000000000000028,0.25,4,64,247,90,404,174,101
V414,2.909435290775001,0.08821812942916807,0.0,0.05736707217411693,0.002183636584044356,0.0018000000000000017,0.005688585061331162,0.25,4,65,247,67,52,213,101
V415,2.524458887892065,0.11225144298006846,0.0,0.06341584224298664,0.0018883411691882571,-0.0026000000000000025,0.004004996878900161,0.3333333333333333,3,80,247,52,148,482,51
V416,0.6363676411871039,0.4251239914479426,0.0,0.030145846439270714,0.002088170568850344,-0.002400000000000002,0.002332380757938122,0.16666666666666666,6,234,247,149,73,476,201
V417,0.005270357414786149,0.9421338995177351,0.0028716269026740626,0.0031597594084233167,0.0015522420941020845,0.0018000000000000017,0.0022715633383201114,0.14285714285714285,7,471,182,281,352,213,251
V418,1.288949153110365,0.25637787102582466,0.0018491005863405796,0.05874317273104731,0.0021105237357564883,0.007000000000000006,0.003255764119219944,0.5,2,150,201,62,67,24,2
V419,0.6854543030117795,0.4078137357661316,0.0,0.0,0.002084679612815701,0.0026000000000000025,0.0018000000000000015,0.1,10,225,247,299,75,156,401
V420,1.7575350750772547,0.18508381619715308,0.0003617107051803181,0.028888799100978066,0.0019410709974711316,-0.0016000000000000014,0.003440930106817054,0.2,5,120,235,154,128,445,151
V421,3.8004289495995685,0.051379190057553384,0.013754934660335838,0.0680230543771957,0.001622706103550824,0.00040000000000000034,0.0024979991993593614,0.5,2,44,39,43,316,314,2
V422,1.0048499195654101,0.31626119243380013,0.0,0.03483789111138072,0.0014127451720094475,0.0028000000000000026,0.002561249694973142,0.25,4,176,247,130,415,136,101
V423,1.6536495791910795,0.1986119379688993,0.0,0.04558785229191833,0.0017259089757827443,-0.00020000000000000017,0.0032802438933713478,0.25,4,124,247,97,245,365,101
V424,1.2028529008250401,0.2728843870156219,0.016874671398597663,0.06201010290504152,0.00030370111940526386,0.00020000000000000017,0.0006000000000000006,0.3333333333333333,3,155,22,54,496,331,51
V425,6.638351479498812,0.010051819208641222,0.001380598243193365,0.1283532183244301,0.0024794355760801743,-0.0008000000000000007,0.002227105745132011,0.5,2,15,216,4,29,398,2
V426,4.233436025896545,0.03976462574503225,0.0017479782774776353,0.09716610062517095,0.00189354292225287,0.0016000000000000014,0.0024979991993593614,0.5,2,37,205,8,144,230,2
V427,0.15032259085179872,0.6982685687690312,0.0014976117509779563,3.891964896730367e-05,0.001448549892734188,0.0020000000000000018,0.0034641016151377574,0.1111111111111111,9,363,215,298,403,200,351
V428,0.0553000297357775,0.8141089723877185,0.0,0.0,0.001848626721047182,-0.0014000000000000013,0.0031048349392520077,0.125,8,410,247,299,172,434,301
V429,0.713872763851831,0.39826229871590096,0.00026607176718540515,0.0,0.0018149631885163527,0.0032000000000000028,0.0028565713714171423,0.1,10,220,238,299,193,113,401
V430,0.3620028414488593,0.5474642684360843,0.015997652004163587,0.0,0.0011721262384106973,0.0036000000000000034,0.0032000000000000028,0.1,10,290,26,299,459,99,401
V431,5.476812843207765,0.019368309917152896,0.007539775637753543,0.07919585131681059,0.0018429698918425652,0.004400000000000004,0.003979949748426483,0.25,4,23,107,29,176,70,101
V432,4.843084547174735,0.027871243336854847,0.008135480547402985,0.08909740048292682,0.0027561527545011694,0.007600000000000007,0.0038781438859330666,0.5,2,28,95,15,23,21,2
V433,1.02095181702865,0.3124156883442042,0.0,0.02620598945307296,0.0016615022652900914,0.008200000000000008,0.0018867962264113222,0.16666666666666666,6,173,247,169,296,18,201
V434,1.7781508175185328,0.18252856105045465,0.007050853971502402,0.0,0.006851729531828144,0.022199999999999998,0.003944616584663174,0.2,5,118,114,299,17,5,151
V435,1.5607972988916483,0.21169485485263617,0.018237288474186375,0.01070596410731782,0.001852106027029371,-0.0030000000000000027,0.0020493901531919217,0.1111111111111111,9,130,13,233,170,487,351
V436,2.8087057256907742e-05,0.9957719822089036,0.0,0.0,0.0019362383534101738,0.0014000000000000013,0.0020099751242241798,0.14285714285714285,7,499,247,299,130,245,251
V437,0.7092982678609512,0.3997776652882386,0.0,0.007424819014570351,0.0020571224047563254,0.004600000000000004,0.0032310988842807055,0.1111111111111111,9,221,247,253,87,59,351
V438,0.19785625161408493,0.6565049908835261,0.00757241323270641,0.0,0.0016371907011464815,0.001200000000000001,0.0018330302779823377,0.16666666666666666,6,343,105,299,309,263,201
V439,0.3245533238637236,0.5689480727056271,0.009397953232936906,0.003145726075216803,0.0014415662474891828,-0.0014000000000000013,0.0026907248094147447,0.125,8,302,73,282,407,434,301
V440,0.2846030178860559,0.5937593237474813,0.013649189008959617,0.012327433719022732,0.0015799102797901955,0.0014000000000000013,0.0020099751242241798,0.2,5,316,40,225,337,245,151
V441,0.03403487665042573,0.8536513727601162,0.006499982680117089,0.0,0.00143632769166879,-0.0016000000000000014,0.001200000000000001,0.14285714285714285,7,425,120,299,408,445,251
V442,1.0355876734350966,0.3089730950907679,0.0,0.0610376826516169,0.001678681377254333,0.005400000000000005,0.0026907248094147447,0.3333333333333333,3,171,247,56,281,45,51
V443,26.474648583369106,2.9316673363736723e-07,0.012123560419722068,0.020466443378164997,0.011427101510293419,0.012800000000000011,0.003600000000000003,1.0,1,10,49,192,5,10,1
V444,0.43480741559399366,0.5097153942278511,0.0072590496314162145,0.0,0.0019921099449711857,0.0018000000000000017,0.0028913664589601948,0.16666666666666666,6,271,111,299,100,213,201
V445,3.0272136035222914,0.08203249615745649,0.005683053264297744,0.03970681594229182,0.0017509329764188637,0.0018000000000000017,0.0018867962264113225,0.16666666666666666,6,61,137,111,227,213,201
V446,3.0230751815506363,0.08224170696107548,0.0016349389574994433,0.08705166448587436,0.001015837970479486,0.0026000000000000025,0.001280624847486571,0.5,2,63,211,18,470,156,2
V447,0.17567453050576892,0.67516219503426,0.0,0.0,0.0012504598201833969,0.0028000000000000026,0.002400000000000002,0.2,5,355,247,299,451,136,151
V448,1.0449783582692174,0.30679021099117787,0.0,0.024237134207150363,0.0018073837188509723,0.002200000000000002,0.0036276714294434143,0.16666666666666666,6,169,247,176,196,188,201
V449,0.12404688018024256,0.7247232495734087,0.0,0.03470661176357796,0.0018184006772824673,0.004400000000000004,0.0017435595774162708,0.3333333333333333,3,377,247,131,190,70,51
V450,0.6551824208245827,0.4183622814605544,0.0,0.03882873815285045,0.0013739738872739751,0.0016000000000000014,0.002332380757938122,0.25,4,229,247,117,430,230,101
V451,0.3995367106002213,0.5274009345001037,0.004608115813348412,0.021189826896905278,0.0018558513013222204,-0.002400000000000002,0.0017435595774162708,0.2,5,279,151,190,165,476,151
V452,0.26892309220399496,0.604112512906053,0.0,0.0,0.006073605928744063,0.01160000000000001,0.002332380757938122,0.5,2,324,247,299,19,11,2
V453,0.1007031163014134,0.751020650346949,0.0,0.03651811832094823,0.0014803569720919884,0.00040000000000000034,0.0024979991993593614,0.25,4,391,247,125,390,314,101
V454,18.405687426811777,1.8704577382459063e-05,0.002899785937780841,0.0,0.008111626997043478,0.0036000000000000034,0.005986651818838312,0.14285714285714285,7,12,180,299,13,99,251
V455,4.41643457166666,0.035719270901100865,0.003181131555451522,0.08078922332262803,0.0015853132472857733,-0.00020000000000000017,0.0026000000000000025,0.5,2,34,176,26,333,365,2
V456,0.08316658634423842,0.7730810620339659,0.005270097443029531,0.0,0.0028117319758970086,0.00020000000000000017,0.0032802438933713486,0.09090909090909091,11,397,143,299,22,331,451
V457,4.133122697051593,0.042183641967209314,0.0,0.044252545975025065,0.0011606433652890092,0.0028000000000000026,0.0025612496949731414,0.25,4,40,247,100,461,136,101
V458,1.9466818264832038,0.16309992336897008,0.0,0.035452942025240956,0.0023139409120958992,0.002200000000000002,0.003280243893371348,0.25,4,108,247,129,40,188,101
V459,1.6866266443854516,0.19419611344068108,0.0,0.038184174956888056,0.0017185856046764106,0.0016000000000000014,0.0021540659228538035,0.25,4,122,247,118,252,230,101
V460,0.02541044484200709,0.8733646987581178,0.017568541070359434,0.0,0.0016842343724407574,-0.003400000000000003,0.0026907248094147447,0.09090909090909091,11,436,16,299,274,493,451
V461,0.020080141753725668,0.8873277721343132,0.0005545816923091529,0.0,0.0016399366302366572,0.0032000000000000028,0.0031240998703626647,0.09090909090909091,11,442,234,299,308,113,451
V462,0.9127819432824421,0.3394929406201536,0.010785230444497085,0.02399067040159876,0.0017104099491249483,-0.0028000000000000026,0.002400000000000002,0.2,5,187,59,178,259,486,151
V463,2.142499060859838,0.14342563995022384,0.0,0.03429143590598615,0.0015735554399969195,0.0,0.0029664793948382677,0.25,4,97,247,133,343,345,101
V464,1.1389457639465774,0.2860041350577251,0.015209142052624358,0.015633425598085966,0.0018349425337759247,-0.0008000000000000007,0.00271293199325011,0.16666666666666666,6,159,31,215,180,398,201
V465,0.017730450067900708,0.8940836255773901,0.0018819615556631142,0.0,0.0017958896412166136,0.00040000000000000034,0.0021540659228538035,0.09090909090909091,11,449,200,299,200,314,451
V466,0.0016745223297218131,0.9673630219876275,0.0,0.0,0.001846727158571729,-0.001200000000000001,0.0032496153618543876,0.09090909090909091,11,486,247,299,173,424,451
V467,2.7875882728137893,0.09515375038241813,0.005790869031373713,0.005427614451675417,0.001765106808127438,0.001200000000000001,0.002227105745132011,0.09090909090909091,11,68,136,268,215,263,451
V468,0.8596918017077221,0.35393693957202227,0.0,0.024045948361669935,0.0017695996857470169,-0.002400000000000002,0.0035552777669262386,0.25,4,196,247,177,213,476,101
V469,2.4937264917032285,0.11445909311724346,0.020115991875170103,0.055510554640985595,0.0018907374749588415,-0.0008000000000000007,0.0020396078054371156,0.3333333333333333,3,83,9,73,146,398,51
V470,0.059670142863810297,0.8070431358370332,0.0013711708694046365,0.03918850448140793,0.002077923640122378,-0.0018000000000000017,0.003026549190084314,0.3333333333333333,3,405,217,114,79,454,51
V471,0.001779208691793928,0.9663588887228107,0.006148332498401299,0.0,0.0013779506029699602,0.002200000000000002,0.0036276714294434143,0.09090909090909091,11,485,125,299,428,188,451
V472,2.6737677196901575,0.10217178124376786,0.00021247617163533405,0.06588084139569507,0.0016009403992381882,0.0008000000000000007,0.0020396078054371156,0.5,2,72,242,48,325,285,2
V473,25.413854374574747,5.043084664222423e-07,0.017370849466607385,0.0,0.011012699958795344,0.013200000000000012,0.003487119154832542,0.25,4,11,17,299,6,9,101
V474,1.0778434082606776,0.2993061245853253,0.004215179494415189,0.0,0.0009186027032447093,-0.001200000000000001,0.000979795897113272,0.09090909090909091,11,166,158,299,479,424,451
V475,0.935231148258816,0.33362433527806346,0.0,0.008461040117545579,0.0010561225193978045,-0.00040000000000000034,0.0021540659228538035,0.14285714285714285,7,182,247,245,467,377,251
V476,101.55678901167211,2.480364218277832e-23,0.028647097227277207,0.38285531999419947,0.016725530857014406,0.016800000000000002,0.010552724766618319,0.5,2,1,3,1,1,8,2
V477,0.0005058448354829599,0.982058541323666,0.0012780160360175152,0.0,0.0020796589544246715,0.00020000000000000017,0.0028913664589601948,0.125,8,492,220,299,77,331,301
V478,0.4175343851627826,0.5182441185016106,0.016913235239279345,0.0,0.001631551637377696,-0.0018000000000000017,0.0028913664589601943,0.125,8,276,21,299,311,454,301
V479,0.6539981358022916,0.41878314076387213,0.0010361584074418673,0.023069225762851607,0.0014899253823529705,0.006800000000000006,0.0038157568056677855,0.16666666666666666,6,230,225,186,387,26,201
V480,0.4683385697585443,0.49383186783736094,0.0,0.005482279460941785,0.0013876408438574085,0.0030000000000000027,0.0024083189157584613,0.14285714285714285,7,258,247,267,424,128,251
V481,1.288387617914075,0.2564814523682548,0.0,0.03731265644630894,0.0020630286060714844,0.004200000000000004,0.0014000000000000013,0.2,5,151,247,121,84,82,151
V482,4.370884110715438,0.036684098871971015,0.013498798888194052,0.09403382601171095,0.002346438415005578,-0.0008000000000000007,0.0029933259094191557,0.5,2,35,42,11,39,398,2
V483,0.20300902186603753,0.6523518221118934,0.0,0.0,0.001629997920516258,0.0030000000000000027,0.003714835124201345,0.1,10,339,247,299,314,128,401
V484,1.1968912468719708,0.27407577908993974,0.0,0.0,0.001971325568805688,-0.00020000000000000017,0.003026549190084314,0.1111111111111111,9,156,247,299,113,365,351
V485,0.0937575294576126,0.75948540658177,0.0,0.0,0.0018156682039532875,0.0008000000000000007,0.0025612496949731414,0.1111111111111111,9,393,247,299,192,285,351
V486,0.0624025223956816,0.8027638571105792,0.012369218928381276,0.0,0.0016571958058437743,0.00040000000000000034,0.004363484845854289,0.16666666666666666,6,403,46,299,299,314,201
V487,0.1770020272912709,0.6740076578456641,0.018636588569833634,0.02947774294554231,0.001579502159487824,-0.002400000000000002,0.0021540659228538035,0.25,4,353,12,152,338,476,101
V488,0.01811313526940833,0.8929535191800383,0.016503554604613946,0.0,0.001987236461414356,0.0006000000000000005,0.0028354893757515675,0.16666666666666666,6,448,25,299,103,299,201
V489,0.014162535742011283,0.9052822072839488,0.0,0.0,0.0021171984414013385,0.001200000000000001,0.0032496153618543867,0.1111111111111111,9,452,247,299,64,263,351
V490,0.007790583810636248,0.9296754709240679,0.0,0.0,0.0014091873074017322,0.0032000000000000028,0.0028565713714171427,0.1111111111111111,9,466,247,299,417,113,351
V491,1.4659467135881838,0.22612950131073992,0.0,0.05400999938012976,0.002251792889287605,0.0,0.003224903099319423,0.25,4,136,247,76,44,345,101
V492,0.026114996449498856,0.8716361328923293,0.0007070732760459109,0.0,0.0010550658132164861,0.00020000000000000017,0.0016613247725836165,0.09090909090909091,11,434,232,299,468,331,451
V493,0.2916974360144847,0.5891950127371657,0.005909440849563019,0.013924143193478141,0.00147886384572737,0.005800000000000005,0.0022715633383201114,0.14285714285714285,7,314,132,222,391,40,251
V494,18.21788207479947,2.0623911461159452e-05,0.009239130807586982,0.0,0.008012981337880238,0.0032000000000000028,0.005946427498927407,0.5,2,13,78,299,14,113,2
V495,4.20088507593435,0.04053318902095553,0.00413794705342907,0.07526404012247415,0.001925027188457048,-0.001200000000000001,0.0018330302779823377,0.5,2,39,161,33,139,424,2
V496,0.07341077427713089,0.7864619156556071,0.010101010971888424,0.008372796162514767,0.0015908265620418226,0.0016000000000000014,0.0030724582991474457,0.2,5,401,66,247,329,230,151
V497,5.697432885924315,0.017082267809366964,0.0009101943335312335,0.1079188194722521,0.0016849788408161645,0.00020000000000000017,0.0018867962264113225,0.5,2,20,227,6,272,331,2
V498,2.61374384914937,0.10609924987235655,0.0,0.04890868856847496,0.0014174558771766362,0.004400000000000004,0.0029393876913398165,0.3333333333333333,3,74,247,88,413,70,51
V499,0.00970039651582863,0.9215526224987035,0.002070751435692131,0.02347006858651742,0.0016114961257022462,-0.00020000000000000017,0.0036276714294434143,0.16666666666666666,6,461,196,180,321,365,201
V500,0.0047956101877218195,0.9447972800088538,0.0,0.0,0.001968712447095306,0.0036000000000000034,0.0028000000000000026,0.1111111111111111,9,473,247,299,117,99,351
