method,selected_features,train_time_sec,predict_time_sec,accuracy,balanced_accuracy,auc,f1,feature_selection,k,classifier
ANOVA F-test + Logistic Regression,5,0.010087375005241483,0.0010434170253574848,0.6133333333333333,0.6133333333333333,0.6375888888888889,0.6133333333333333,ANOVA F-test,5,Logistic Regression
ANOVA F-test + Linear SVM,5,0.0028052079724147916,0.000859582971315831,0.6166666666666667,0.6166666666666667,0.6373333333333333,0.6166666666666667,ANOVA F-test,5,Linear SVM
ANOVA F-test + RBF-SVM,5,0.4386140000424348,0.07316166703822091,0.7133333333333334,0.7133333333333334,0.7904277777777777,0.693950177935943,ANOVA F-test,5,RBF-SVM
ANOVA F-test + Random Forest,5,0.22581450000870973,0.07612250000238419,0.7133333333333334,0.7133333333333334,0.7839888888888888,0.7084745762711865,ANOVA F-test,5,Random Forest
ANOVA F-test + Gradient Boosting,5,0.2701220419839956,0.0026939589879475534,0.6766666666666666,0.6766666666666667,0.7345888888888888,0.6755852842809364,ANOVA F-test,5,Gradient Boosting
ANOVA F-test + Logistic Regression,10,0.004645875014830381,0.0010544999968260527,0.5933333333333334,0.5933333333333333,0.6319,0.5946843853820598,ANOVA F-test,10,Logistic Regression
ANOVA F-test + Linear SVM,10,0.0031369999633170664,0.001030166051350534,0.5983333333333334,0.5983333333333334,0.6318333333333334,0.5976627712854758,ANOVA F-test,10,Linear SVM
ANOVA F-test + RBF-SVM,10,0.3661182079813443,0.05134487501345575,0.86,0.8600000000000001,0.9371555555555556,0.8576271186440678,ANOVA F-test,10,RBF-SVM
ANOVA F-test + Random Forest,10,0.22278462501708418,0.07491066597867757,0.8516666666666667,0.8516666666666667,0.9265444444444445,0.8504201680672269,ANOVA F-test,10,Random Forest
ANOVA F-test + Gradient Boosting,10,0.49998887500260025,0.0028310830239206553,0.77,0.77,0.8400555555555554,0.7661016949152543,ANOVA F-test,10,Gradient Boosting
ANOVA F-test + Logistic Regression,20,0.009650666965171695,0.0016357499989680946,0.595,0.595,0.6360555555555556,0.5817555938037866,ANOVA F-test,20,Logistic Regression
ANOVA F-test + Linear SVM,20,0.007520749990362674,0.0009972500265575945,0.5966666666666667,0.5966666666666667,0.6370888888888888,0.5827586206896552,ANOVA F-test,20,Linear SVM
ANOVA F-test + RBF-SVM,20,0.6290825830074027,0.07217825000407174,0.7766666666666666,0.7766666666666666,0.8641944444444445,0.7744107744107744,ANOVA F-test,20,RBF-SVM
ANOVA F-test + Random Forest,20,0.25506416702410206,0.05684949998976663,0.86,0.86,0.9355555555555554,0.8585858585858586,ANOVA F-test,20,Random Forest
ANOVA F-test + Gradient Boosting,20,0.8562678750022314,0.0037868330255150795,0.7583333333333333,0.7583333333333333,0.8361666666666667,0.7554806070826307,ANOVA F-test,20,Gradient Boosting
ANOVA F-test + Logistic Regression,50,0.02408516698051244,0.0019516669563017786,0.5766666666666667,0.5766666666666667,0.6077444444444444,0.563573883161512,ANOVA F-test,50,Logistic Regression
ANOVA F-test + Linear SVM,50,0.01031104096909985,0.0020354590378701687,0.5766666666666667,0.5766666666666667,0.6092555555555557,0.565068493150685,ANOVA F-test,50,Linear SVM
ANOVA F-test + RBF-SVM,50,1.0757119170157239,0.16061508300481364,0.675,0.675,0.7303,0.6818923327895595,ANOVA F-test,50,RBF-SVM
ANOVA F-test + Random Forest,50,0.2929166660178453,0.07468154199887067,0.8,0.8,0.8895888888888887,0.7923875432525952,ANOVA F-test,50,Random Forest
ANOVA F-test + Gradient Boosting,50,1.8764632499660365,0.0037592920125462115,0.7216666666666667,0.7216666666666667,0.8128777777777778,0.7164685908319185,ANOVA F-test,50,Gradient Boosting
ANOVA F-test + Logistic Regression,100,0.015026542008854449,0.0025070839910767972,0.5716666666666667,0.5716666666666667,0.6092777777777778,0.5680672268907563,ANOVA F-test,100,Logistic Regression
ANOVA F-test + Linear SVM,100,0.019431541033554822,0.0024916669935919344,0.5733333333333334,0.5733333333333333,0.6121333333333334,0.5719063545150501,ANOVA F-test,100,Linear SVM
ANOVA F-test + RBF-SVM,100,1.1215860829688609,0.217772290983703,0.6266666666666667,0.6266666666666667,0.6853055555555554,0.6216216216216216,ANOVA F-test,100,RBF-SVM
ANOVA F-test + Random Forest,100,0.3366329590207897,0.07799595803953707,0.76,0.76,0.8696388888888889,0.7534246575342466,ANOVA F-test,100,Random Forest
ANOVA F-test + Gradient Boosting,100,3.4327071250299923,0.00527679204242304,0.7266666666666667,0.7266666666666667,0.8209222222222221,0.7266666666666667,ANOVA F-test,100,Gradient Boosting
ANOVA F-test + Logistic Regression,200,0.027680457977112383,0.003861667006276548,0.5666666666666667,0.5666666666666667,0.6037888888888889,0.559322033898305,ANOVA F-test,200,Logistic Regression
ANOVA F-test + Linear SVM,200,0.042965375003404915,0.0041643750155344605,0.565,0.565,0.6067111111111112,0.5568760611205433,ANOVA F-test,200,Linear SVM
ANOVA F-test + RBF-SVM,200,1.5129794999957085,0.23178016697056592,0.605,0.605,0.6580777777777778,0.5878260869565217,ANOVA F-test,200,RBF-SVM
ANOVA F-test + Random Forest,200,0.428340999991633,0.055604042019695044,0.7466666666666667,0.7466666666666666,0.8277166666666667,0.7370242214532872,ANOVA F-test,200,Random Forest
ANOVA F-test + Gradient Boosting,200,6.697302499960642,0.006632459000684321,0.735,0.735,0.8241222222222222,0.736318407960199,ANOVA F-test,200,Gradient Boosting
ANOVA F-test + Logistic Regression,500,0.17551033396739513,0.010058540967293084,0.58,0.58,0.5994111111111111,0.5757575757575758,ANOVA F-test,500,Logistic Regression
ANOVA F-test + Linear SVM,500,0.15961720800260082,0.009721292008180171,0.58,0.5800000000000001,0.6021222222222222,0.5771812080536913,ANOVA F-test,500,Linear SVM
ANOVA F-test + RBF-SVM,500,3.3740720829810016,0.4898643339984119,0.5933333333333334,0.5933333333333334,0.6307555555555555,0.5892255892255892,ANOVA F-test,500,RBF-SVM
ANOVA F-test + Random Forest,500,0.6453108750283718,0.08166325005004182,0.7316666666666667,0.7316666666666667,0.8222722222222223,0.7228915662650602,ANOVA F-test,500,Random Forest
ANOVA F-test + Gradient Boosting,500,16.328159208002035,0.010273959022015333,0.755,0.755,0.8392666666666666,0.7554076539101497,ANOVA F-test,500,Gradient Boosting
Mutual Information + Logistic Regression,5,0.014170583977829665,0.0010059589985758066,0.6016666666666667,0.6016666666666667,0.6325333333333334,0.5996649916247906,Mutual Information,5,Logistic Regression
Mutual Information + Linear SVM,5,0.0025461670011281967,0.0007887919782660902,0.6016666666666667,0.6016666666666667,0.6327111111111111,0.6010016694490818,Mutual Information,5,Linear SVM
Mutual Information + RBF-SVM,5,0.4542721660109237,0.07291508303023875,0.7183333333333334,0.7183333333333333,0.7955,0.722495894909688,Mutual Information,5,RBF-SVM
Mutual Information + Random Forest,5,0.2190633750287816,0.07603416702477261,0.725,0.7250000000000001,0.79115,0.7189097103918228,Mutual Information,5,Random Forest
Mutual Information + Gradient Boosting,5,0.28017329197609797,0.002774209016934037,0.695,0.6950000000000001,0.7612333333333333,0.6903553299492385,Mutual Information,5,Gradient Boosting
Mutual Information + Logistic Regression,10,0.008971000032033771,0.0016091660363599658,0.59,0.5900000000000001,0.6271444444444445,0.5913621262458472,Mutual Information,10,Logistic Regression
Mutual Information + Linear SVM,10,0.0027336669736541808,0.0009575829608365893,0.5916666666666667,0.5916666666666667,0.6272777777777778,0.593698175787728,Mutual Information,10,Linear SVM
Mutual Information + RBF-SVM,10,0.6085822500172071,0.07773266697768122,0.65,0.6499999999999999,0.7107944444444445,0.6557377049180327,Mutual Information,10,RBF-SVM
Mutual Information + Random Forest,10,0.22924479196080938,0.07493800000520423,0.7166666666666667,0.7166666666666667,0.8005222222222224,0.7058823529411765,Mutual Information,10,Random Forest
Mutual Information + Gradient Boosting,10,0.4530467090080492,0.0028178750071674585,0.68,0.6799999999999999,0.7562833333333334,0.6723549488054608,Mutual Information,10,Gradient Boosting
Mutual Information + Logistic Regression,20,0.0094153750105761,0.0018173750140704215,0.5733333333333334,0.5733333333333333,0.6096999999999999,0.574750830564784,Mutual Information,20,Logistic Regression
Mutual Information + Linear SVM,20,0.0036750839790329337,0.0010957500198855996,0.5733333333333334,0.5733333333333333,0.6103888888888889,0.5761589403973509,Mutual Information,20,Linear SVM
Mutual Information + RBF-SVM,20,0.9484875409980305,0.09784670901717618,0.6416666666666667,0.6416666666666666,0.6836,0.6299483648881239,Mutual Information,20,RBF-SVM
Mutual Information + Random Forest,20,0.24571316596120596,0.07760829204926267,0.725,0.725,0.8095666666666667,0.7150259067357513,Mutual Information,20,Random Forest
Mutual Information + Gradient Boosting,20,0.7738068750477396,0.003389707999303937,0.71,0.71,0.784,0.702054794520548,Mutual Information,20,Gradient Boosting
Mutual Information + Logistic Regression,50,0.016122083005029708,0.0020812080474570394,0.555,0.5549999999999999,0.6079111111111112,0.5482233502538071,Mutual Information,50,Logistic Regression
Mutual Information + Linear SVM,50,0.009911375003866851,0.0018114580307155848,0.5566666666666666,0.5566666666666666,0.6083888888888889,0.5491525423728814,Mutual Information,50,Linear SVM
Mutual Information + RBF-SVM,50,1.1302619579946622,0.18840129097225145,0.5866666666666667,0.5866666666666667,0.6293,0.5824915824915825,Mutual Information,50,RBF-SVM
Mutual Information + Random Forest,50,0.3263541660271585,0.07834241702221334,0.7666666666666667,0.7666666666666666,0.8259111111111112,0.75,Mutual Information,50,Random Forest
Mutual Information + Gradient Boosting,50,1.7715647500008345,0.0033563749748282135,0.7516666666666667,0.7516666666666667,0.7990222222222222,0.7487352445193929,Mutual Information,50,Gradient Boosting
Mutual Information + Logistic Regression,100,0.010166332998778671,0.0027389589813537896,0.57,0.5700000000000001,0.6066777777777778,0.5612244897959183,Mutual Information,100,Logistic Regression
Mutual Information + Linear SVM,100,0.020016833033878356,0.003336458990816027,0.5733333333333334,0.5733333333333333,0.6077555555555555,0.5661016949152542,Mutual Information,100,Linear SVM
Mutual Information + RBF-SVM,100,1.1605303749674931,0.24009129201294854,0.6116666666666667,0.6116666666666667,0.6511666666666667,0.6044142614601019,Mutual Information,100,RBF-SVM
Mutual Information + Random Forest,100,0.36178933299379423,0.07469170796684921,0.7333333333333333,0.7333333333333334,0.80155,0.7202797202797203,Mutual Information,100,Random Forest
Mutual Information + Gradient Boosting,100,3.3974862080067396,0.005434833001345396,0.74,0.74,0.802888888888889,0.7319587628865979,Mutual Information,100,Gradient Boosting
Mutual Information + Logistic Regression,200,0.03264487499836832,0.003784624976105988,0.5533333333333333,0.5533333333333333,0.5816555555555556,0.5488215488215489,Mutual Information,200,Logistic Regression
Mutual Information + Linear SVM,200,0.050308584002777934,0.004860250046476722,0.555,0.555,0.5817888888888889,0.5527638190954773,Mutual Information,200,Linear SVM
Mutual Information + RBF-SVM,200,1.5236784580047242,0.2381640410167165,0.6133333333333333,0.6133333333333333,0.6430444444444445,0.6094276094276094,Mutual Information,200,RBF-SVM
Mutual Information + Random Forest,200,0.4362304999958724,0.07796845899429172,0.6983333333333334,0.6983333333333333,0.7657055555555556,0.6884681583476764,Mutual Information,200,Random Forest
Mutual Information + Gradient Boosting,200,6.616241000010632,0.005552667018491775,0.735,0.735,0.8015777777777778,0.7336683417085427,Mutual Information,200,Gradient Boosting
Mutual Information + Logistic Regression,500,0.14986612502252683,0.01022300001932308,0.58,0.58,0.5994111111111111,0.5757575757575758,Mutual Information,500,Logistic Regression
Mutual Information + Linear SVM,500,0.1586309999693185,0.009180833003483713,0.58,0.5800000000000001,0.6021222222222222,0.5771812080536913,Mutual Information,500,Linear SVM
Mutual Information + RBF-SVM,500,3.3047578330151737,0.4933593340101652,0.5933333333333334,0.5933333333333334,0.6307555555555555,0.5892255892255892,Mutual Information,500,RBF-SVM
Mutual Information + Random Forest,500,0.6220732920337468,0.07150412502232939,0.7266666666666667,0.7266666666666667,0.8128388888888889,0.718213058419244,Mutual Information,500,Random Forest
Mutual Information + Gradient Boosting,500,16.323799709032755,0.010449332999996841,0.755,0.755,0.8387111111111111,0.7554076539101497,Mutual Information,500,Gradient Boosting
L1 Logistic + Logistic Regression,5,0.0029324580100364983,0.0011443750117905438,0.6133333333333333,0.6133333333333333,0.6417444444444445,0.6067796610169491,L1 Logistic,5,Logistic Regression
L1 Logistic + Linear SVM,5,0.0019927079556509852,0.0009054169640876353,0.615,0.615,0.6422444444444444,0.6078098471986417,L1 Logistic,5,Linear SVM
L1 Logistic + RBF-SVM,5,0.5582840830320492,0.08756795799126849,0.61,0.61,0.647888888888889,0.6060606060606061,L1 Logistic,5,RBF-SVM
L1 Logistic + Random Forest,5,0.21183566597755998,0.07732066698372364,0.5816666666666667,0.5816666666666667,0.6297722222222222,0.5823627287853578,L1 Logistic,5,Random Forest
L1 Logistic + Gradient Boosting,5,0.24654587503755465,0.0031802919693291187,0.6183333333333333,0.6183333333333334,0.6547444444444445,0.6085470085470085,L1 Logistic,5,Gradient Boosting
L1 Logistic + Logistic Regression,10,0.0030842909472994506,0.0012191669666208327,0.5733333333333334,0.5733333333333334,0.6214444444444445,0.5733333333333334,L1 Logistic,10,Logistic Regression
L1 Logistic + Linear SVM,10,0.0021573330159299076,0.0008541249553672969,0.5716666666666667,0.5716666666666667,0.6218111111111111,0.5709515859766278,L1 Logistic,10,Linear SVM
L1 Logistic + RBF-SVM,10,0.6840214169933461,0.0890767079545185,0.5616666666666666,0.5616666666666668,0.5995944444444444,0.5564924114671164,L1 Logistic,10,RBF-SVM
L1 Logistic + Random Forest,10,0.22341641696402803,0.0769370420021005,0.6033333333333334,0.6033333333333333,0.6407833333333333,0.5993265993265994,L1 Logistic,10,Random Forest
L1 Logistic + Gradient Boosting,10,0.3978603750001639,0.0035538749652914703,0.59,0.5900000000000001,0.6295222222222222,0.5787671232876712,L1 Logistic,10,Gradient Boosting
L1 Logistic + Logistic Regression,20,0.0023841249640099704,0.0009085420169867575,0.58,0.5800000000000001,0.6174444444444445,0.5785953177257525,L1 Logistic,20,Logistic Regression
L1 Logistic + Linear SVM,20,0.003048042010050267,0.0010136250057257712,0.58,0.5800000000000001,0.6178999999999999,0.5785953177257525,L1 Logistic,20,Linear SVM
L1 Logistic + RBF-SVM,20,0.9667989169829525,0.1043362079653889,0.57,0.5700000000000001,0.5872944444444445,0.5656565656565656,L1 Logistic,20,RBF-SVM
L1 Logistic + Random Forest,20,0.23951937502715737,0.06332091696094722,0.5916666666666667,0.5916666666666667,0.6521277777777778,0.5768566493955095,L1 Logistic,20,Random Forest
L1 Logistic + Gradient Boosting,20,0.7114020419539884,0.003994749975390732,0.615,0.615,0.6302555555555555,0.6156405990016639,L1 Logistic,20,Gradient Boosting
L1 Logistic + Logistic Regression,50,0.004137791984248906,0.0018726660055108368,0.5733333333333334,0.5733333333333334,0.6003111111111111,0.5733333333333334,L1 Logistic,50,Logistic Regression
L1 Logistic + Linear SVM,50,0.004874416976235807,0.0015040839789435267,0.5766666666666667,0.5766666666666667,0.6008111111111112,0.5752508361204013,L1 Logistic,50,Linear SVM
L1 Logistic + RBF-SVM,50,1.0816939169890247,0.18114000000059605,0.5783333333333334,0.5783333333333334,0.6046888888888889,0.5733558178752108,L1 Logistic,50,RBF-SVM
L1 Logistic + Random Forest,50,0.28313541697571054,0.06376820802688599,0.6033333333333334,0.6033333333333333,0.6388666666666667,0.5966101694915255,L1 Logistic,50,Random Forest
L1 Logistic + Gradient Boosting,50,1.684574083017651,0.004447916988283396,0.5866666666666667,0.5866666666666667,0.6275222222222222,0.5796610169491525,L1 Logistic,50,Gradient Boosting
L1 Logistic + Logistic Regression,100,0.01531416701618582,0.0029199590208008885,0.5516666666666666,0.5516666666666667,0.5999,0.5463743676222597,L1 Logistic,100,Logistic Regression
L1 Logistic + Linear SVM,100,0.011615000024903566,0.003300334035884589,0.5533333333333333,0.5533333333333333,0.6008555555555556,0.5503355704697986,L1 Logistic,100,Linear SVM
L1 Logistic + RBF-SVM,100,1.1315199580276385,0.2126982090412639,0.555,0.5549999999999999,0.5843111111111112,0.5482233502538071,L1 Logistic,100,RBF-SVM
L1 Logistic + Random Forest,100,0.3398726669838652,0.07853354199323803,0.6166666666666667,0.6166666666666667,0.6416777777777777,0.6140939597315436,L1 Logistic,100,Random Forest
L1 Logistic + Gradient Boosting,100,3.3199550000135787,0.004338208003900945,0.5933333333333334,0.5933333333333333,0.6379666666666668,0.5821917808219178,L1 Logistic,100,Gradient Boosting
L1 Logistic + Logistic Regression,200,0.01865724998060614,0.00599154201336205,0.56,0.56,0.6045444444444444,0.5555555555555556,L1 Logistic,200,Logistic Regression
L1 Logistic + Linear SVM,200,0.02964695799164474,0.00412908400176093,0.555,0.5549999999999999,0.6052333333333333,0.5497470489038786,L1 Logistic,200,Linear SVM
L1 Logistic + RBF-SVM,200,1.5171722500235774,0.23329033300979063,0.5733333333333334,0.5733333333333334,0.615261111111111,0.569023569023569,L1 Logistic,200,RBF-SVM
L1 Logistic + Random Forest,200,0.4456440830253996,0.054964665963780135,0.6216666666666667,0.6216666666666666,0.70095,0.6247933884297521,L1 Logistic,200,Random Forest
L1 Logistic + Gradient Boosting,200,6.653021542006172,0.006645291985478252,0.6816666666666666,0.6816666666666666,0.7505777777777778,0.6884176182707994,L1 Logistic,200,Gradient Boosting
L1 Logistic + Logistic Regression,500,0.269662500009872,0.009144624986220151,0.58,0.58,0.5994111111111111,0.5757575757575758,L1 Logistic,500,Logistic Regression
L1 Logistic + Linear SVM,500,0.16783300001407042,0.009740915964357555,0.58,0.5800000000000001,0.6021222222222222,0.5771812080536913,L1 Logistic,500,Linear SVM
L1 Logistic + RBF-SVM,500,3.3628782909945585,0.49098275002324954,0.5933333333333334,0.5933333333333334,0.6307555555555555,0.5892255892255892,L1 Logistic,500,RBF-SVM
L1 Logistic + Random Forest,500,0.6467918750131503,0.08349941699998453,0.72,0.72,0.8039611111111111,0.697841726618705,L1 Logistic,500,Random Forest
L1 Logistic + Gradient Boosting,500,16.345307249983307,0.009533749951515347,0.755,0.755,0.8395333333333334,0.7554076539101497,L1 Logistic,500,Gradient Boosting
Random Forest + Logistic Regression,5,0.00986074999673292,0.0008160420111380517,0.5966666666666667,0.5966666666666667,0.6228444444444444,0.5939597315436241,Random Forest,5,Logistic Regression
Random Forest + Linear SVM,5,0.002872832992579788,0.000769167032558471,0.5966666666666667,0.5966666666666667,0.6229333333333333,0.5939597315436241,Random Forest,5,Linear SVM
Random Forest + RBF-SVM,5,0.3808934999979101,0.06266212498303503,0.8,0.8,0.8853333333333333,0.8,Random Forest,5,RBF-SVM
Random Forest + Random Forest,5,0.21168054203735664,0.07107454200740904,0.7833333333333333,0.7833333333333333,0.8688666666666667,0.7818791946308725,Random Forest,5,Random Forest
Random Forest + Gradient Boosting,5,0.2929477089783177,0.0026827079709619284,0.735,0.735,0.8056055555555555,0.7327731092436974,Random Forest,5,Gradient Boosting
Random Forest + Logistic Regression,10,0.007219541002996266,0.0010813749977387488,0.5816666666666667,0.5816666666666667,0.6306333333333333,0.5851239669421487,Random Forest,10,Logistic Regression
Random Forest + Linear SVM,10,0.00469654198968783,0.0008978330297395587,0.58,0.5800000000000001,0.6307,0.5827814569536424,Random Forest,10,Linear SVM
Random Forest + RBF-SVM,10,0.3414597910013981,0.0497169999871403,0.8633333333333333,0.8633333333333333,0.9394444444444445,0.8610169491525423,Random Forest,10,RBF-SVM
Random Forest + Random Forest,10,0.224557250039652,0.0710345419938676,0.865,0.865,0.9327888888888889,0.8652246256239601,Random Forest,10,Random Forest
Random Forest + Gradient Boosting,10,0.484490167000331,0.0030488340416923165,0.7816666666666666,0.7816666666666667,0.8498611111111111,0.7798319327731092,Random Forest,10,Gradient Boosting
Random Forest + Logistic Regression,20,0.011155791988130659,0.0016685830196365714,0.5983333333333334,0.5983333333333334,0.6243000000000001,0.5976627712854758,Random Forest,20,Logistic Regression
Random Forest + Linear SVM,20,0.0049392919754609466,0.0015203329967334867,0.5966666666666667,0.5966666666666667,0.623488888888889,0.5966666666666667,Random Forest,20,Linear SVM
Random Forest + RBF-SVM,20,0.3925047499942593,0.049078249954618514,0.8883333333333333,0.8883333333333333,0.9524666666666667,0.8892561983471075,Random Forest,20,RBF-SVM
Random Forest + Random Forest,20,0.22576100000878796,0.07178016600664705,0.8916666666666667,0.8916666666666666,0.9637888888888888,0.8922056384742952,Random Forest,20,Random Forest
Random Forest + Gradient Boosting,20,0.8847750829881988,0.003464333014562726,0.8066666666666666,0.8066666666666666,0.882927777777778,0.8060200668896321,Random Forest,20,Gradient Boosting
Random Forest + Logistic Regression,50,0.02271129103610292,0.0016525409882888198,0.59,0.5900000000000001,0.6124888888888889,0.5830508474576271,Random Forest,50,Logistic Regression
Random Forest + Linear SVM,50,0.00949683302314952,0.002288915973622352,0.5916666666666667,0.5916666666666667,0.6144555555555555,0.5840407470288624,Random Forest,50,Linear SVM
Random Forest + RBF-SVM,50,1.0356537909829058,0.1586442079860717,0.75,0.75,0.8217500000000001,0.7474747474747475,Random Forest,50,RBF-SVM
Random Forest + Random Forest,50,0.2924364999635145,0.07107095897663385,0.8616666666666667,0.8616666666666666,0.9466777777777778,0.8618968386023295,Random Forest,50,Random Forest
Random Forest + Gradient Boosting,50,1.9741679999860935,0.0035510410089045763,0.78,0.78,0.8618777777777777,0.7785234899328859,Random Forest,50,Gradient Boosting
Random Forest + Logistic Regression,100,0.0170829999842681,0.002572750032413751,0.5916666666666667,0.5916666666666667,0.6241555555555556,0.5811965811965812,Random Forest,100,Logistic Regression
Random Forest + Linear SVM,100,0.02105112501885742,0.0026414580061100423,0.5933333333333334,0.5933333333333333,0.6247888888888888,0.5807560137457045,Random Forest,100,Linear SVM
Random Forest + RBF-SVM,100,1.115531166025903,0.2045517080114223,0.6833333333333333,0.6833333333333333,0.7444555555555556,0.6843853820598007,Random Forest,100,RBF-SVM
Random Forest + Random Forest,100,0.3887700419872999,0.07297237496823072,0.8316666666666667,0.8316666666666667,0.9170388888888888,0.8291032148900169,Random Forest,100,Random Forest
Random Forest + Gradient Boosting,100,3.7486500419909135,0.004676749987993389,0.7366666666666667,0.7366666666666666,0.8306111111111111,0.7375415282392026,Random Forest,100,Gradient Boosting
Random Forest + Logistic Regression,200,0.023102084000129253,0.004127625026740134,0.5666666666666667,0.5666666666666667,0.6071333333333333,0.5622895622895623,Random Forest,200,Logistic Regression
Random Forest + Linear SVM,200,0.04804999998304993,0.004175957990810275,0.575,0.575,0.6086333333333334,0.5685279187817259,Random Forest,200,Linear SVM
Random Forest + RBF-SVM,200,1.5072241669986397,0.2366010420373641,0.6266666666666667,0.6266666666666667,0.6847055555555557,0.6164383561643836,Random Forest,200,RBF-SVM
Random Forest + Random Forest,200,0.4915642919950187,0.07316212501609698,0.79,0.79,0.8760166666666667,0.78125,Random Forest,200,Random Forest
Random Forest + Gradient Boosting,200,7.291304374986794,0.005285915976855904,0.7583333333333333,0.7583333333333333,0.8476,0.763458401305057,Random Forest,200,Gradient Boosting
Random Forest + Logistic Regression,500,0.1977934169699438,0.009630665997974575,0.58,0.58,0.5994111111111111,0.5757575757575758,Random Forest,500,Logistic Regression
Random Forest + Linear SVM,500,0.16014183301012963,0.010710750008001924,0.58,0.5800000000000001,0.6021222222222222,0.5771812080536913,Random Forest,500,Linear SVM
Random Forest + RBF-SVM,500,3.2111465420457534,0.4869854580028914,0.5933333333333334,0.5933333333333334,0.6307555555555555,0.5892255892255892,Random Forest,500,RBF-SVM
Random Forest + Random Forest,500,0.6425372500088997,0.07727120799245313,0.715,0.715,0.7980388888888887,0.7096774193548387,Random Forest,500,Random Forest
Random Forest + Gradient Boosting,500,16.281346082978416,0.010148874949663877,0.7583333333333333,0.7583333333333333,0.8387777777777778,0.7587354409317804,Random Forest,500,Gradient Boosting
Permutation Importance + Logistic Regression,5,0.004517458961345255,0.001064916024915874,0.5966666666666667,0.5966666666666667,0.6349444444444445,0.5993377483443708,Permutation Importance,5,Logistic Regression
Permutation Importance + Linear SVM,5,0.002039209008216858,0.0007966249831952155,0.5983333333333334,0.5983333333333334,0.6354888888888889,0.6003316749585407,Permutation Importance,5,Linear SVM
Permutation Importance + RBF-SVM,5,0.3556064579752274,0.05502850003540516,0.8366666666666667,0.8366666666666667,0.9181555555555556,0.8366666666666667,Permutation Importance,5,RBF-SVM
Permutation Importance + Random Forest,5,0.21048575005261227,0.07148616597987711,0.815,0.815,0.9068666666666667,0.8165289256198347,Permutation Importance,5,Random Forest
Permutation Importance + Gradient Boosting,5,0.2727025000494905,0.0033487920300103724,0.7516666666666667,0.7516666666666667,0.8374333333333333,0.7537190082644628,Permutation Importance,5,Gradient Boosting
Permutation Importance + Logistic Regression,10,0.008516833011526614,0.0014030829770490527,0.595,0.595,0.6323333333333334,0.5970149253731343,Permutation Importance,10,Logistic Regression
Permutation Importance + Linear SVM,10,0.0027032080106437206,0.0008048329618759453,0.595,0.595,0.6321777777777777,0.5996705107084019,Permutation Importance,10,Linear SVM
Permutation Importance + RBF-SVM,10,0.3225896670483053,0.04393116704886779,0.8883333333333333,0.8883333333333333,0.9536555555555555,0.8873949579831932,Permutation Importance,10,RBF-SVM
Permutation Importance + Random Forest,10,0.22150945902103558,0.07097362499916926,0.8783333333333333,0.8783333333333334,0.9480333333333333,0.8797364085667215,Permutation Importance,10,Random Forest
Permutation Importance + Gradient Boosting,10,0.48352554196026176,0.003001291013788432,0.775,0.775,0.8601722222222222,0.773109243697479,Permutation Importance,10,Gradient Boosting
Permutation Importance + Logistic Regression,20,0.006859249959234148,0.0009661249932833016,0.5983333333333334,0.5983333333333334,0.6313555555555556,0.6016528925619835,Permutation Importance,20,Logistic Regression
Permutation Importance + Linear SVM,20,0.005307124985847622,0.0011022500111721456,0.6,0.6000000000000001,0.6308111111111111,0.6026490066225165,Permutation Importance,20,Linear SVM
Permutation Importance + RBF-SVM,20,0.519424166996032,0.06041649996768683,0.845,0.845,0.9271222222222222,0.8436974789915966,Permutation Importance,20,RBF-SVM
Permutation Importance + Random Forest,20,0.2235321250045672,0.07326208299491554,0.885,0.885,0.9562055555555555,0.8866995073891626,Permutation Importance,20,Random Forest
Permutation Importance + Gradient Boosting,20,0.8373143749777228,0.0032630839850753546,0.7933333333333333,0.7933333333333333,0.8747666666666668,0.7933333333333333,Permutation Importance,20,Gradient Boosting
Permutation Importance + Logistic Regression,50,0.008393333991989493,0.0017993749934248626,0.5783333333333334,0.5783333333333334,0.6189333333333333,0.5733558178752108,Permutation Importance,50,Logistic Regression
Permutation Importance + Linear SVM,50,0.011327791959047318,0.002206082979682833,0.5766666666666667,0.5766666666666667,0.6178666666666668,0.5709459459459459,Permutation Importance,50,Linear SVM
Permutation Importance + RBF-SVM,50,1.082530667015817,0.17045616696123034,0.7183333333333334,0.7183333333333333,0.8004777777777777,0.722495894909688,Permutation Importance,50,RBF-SVM
Permutation Importance + Random Forest,50,0.27499841700773686,0.07176320801954716,0.86,0.86,0.9349722222222222,0.8604651162790697,Permutation Importance,50,Random Forest
Permutation Importance + Gradient Boosting,50,1.901308834028896,0.004193625005427748,0.7683333333333333,0.7683333333333333,0.8400666666666666,0.7754442649434572,Permutation Importance,50,Gradient Boosting
Permutation Importance + Logistic Regression,100,0.011422584007959813,0.0026317500160075724,0.5816666666666667,0.5816666666666667,0.6118888888888889,0.5709401709401709,Permutation Importance,100,Logistic Regression
Permutation Importance + Linear SVM,100,0.022254582960158587,0.0024339999654330313,0.585,0.585,0.6114555555555556,0.5772495755517827,Permutation Importance,100,Linear SVM
Permutation Importance + RBF-SVM,100,1.1178545409929939,0.2092841659905389,0.6816666666666666,0.6816666666666666,0.7488166666666667,0.6800670016750419,Permutation Importance,100,RBF-SVM
Permutation Importance + Random Forest,100,0.3589428749983199,0.0720529580139555,0.82,0.8200000000000001,0.9055500000000001,0.8169491525423729,Permutation Importance,100,Random Forest
Permutation Importance + Gradient Boosting,100,3.5640277909697033,0.004262166970875114,0.7533333333333333,0.7533333333333334,0.8343888888888888,0.756578947368421,Permutation Importance,100,Gradient Boosting
Permutation Importance + Logistic Regression,200,0.02831745898583904,0.003804582986049354,0.5366666666666666,0.5366666666666666,0.5825333333333332,0.5335570469798657,Permutation Importance,200,Logistic Regression
Permutation Importance + Linear SVM,200,0.04541441600304097,0.00445091602159664,0.5383333333333333,0.5383333333333333,0.5826888888888888,0.534453781512605,Permutation Importance,200,Linear SVM
Permutation Importance + RBF-SVM,200,1.50640775001375,0.23668362497119233,0.5866666666666667,0.5866666666666667,0.6669166666666667,0.581081081081081,Permutation Importance,200,RBF-SVM
Permutation Importance + Random Forest,200,0.43214441603049636,0.07518408301984891,0.7866666666666666,0.7866666666666666,0.8767333333333334,0.7815699658703071,Permutation Importance,200,Random Forest
Permutation Importance + Gradient Boosting,200,6.8028996249777265,0.006276542029809207,0.765,0.765,0.8483777777777779,0.7646076794657763,Permutation Importance,200,Gradient Boosting
Permutation Importance + Logistic Regression,500,0.1646276250248775,0.010593415994662791,0.58,0.58,0.5994111111111111,0.5757575757575758,Permutation Importance,500,Logistic Regression
Permutation Importance + Linear SVM,500,0.16224908299045637,0.009643625002354383,0.58,0.5800000000000001,0.6021222222222222,0.5771812080536913,Permutation Importance,500,Linear SVM
Permutation Importance + RBF-SVM,500,3.2912965830182657,0.48893083300208673,0.5933333333333334,0.5933333333333334,0.6307555555555555,0.5892255892255892,Permutation Importance,500,RBF-SVM
Permutation Importance + Random Forest,500,0.7126544170314446,0.07789945800323039,0.745,0.745,0.820061111111111,0.7366609294320138,Permutation Importance,500,Random Forest
Permutation Importance + Gradient Boosting,500,16.260617792024277,0.009968375030439347,0.7566666666666667,0.7566666666666666,0.8406444444444445,0.7558528428093646,Permutation Importance,500,Gradient Boosting
RFE + Logistic Regression,5,0.0023681249585933983,0.0007387090008705854,0.52,0.52,0.5280222222222222,0.49825783972125437,RFE,5,Logistic Regression
RFE + Linear SVM,5,0.0024715419858694077,0.000972250010818243,0.52,0.52,0.5281333333333333,0.49825783972125437,RFE,5,Linear SVM
RFE + RBF-SVM,5,0.5746337089804001,0.09570329199777916,0.5233333333333333,0.5233333333333333,0.5285055555555556,0.4664179104477612,RFE,5,RBF-SVM
RFE + Random Forest,5,0.21156583400443196,0.06972370902076364,0.48333333333333334,0.48333333333333334,0.5019111111111111,0.4798657718120805,RFE,5,Random Forest
RFE + Gradient Boosting,5,0.22568558400962502,0.003011166991200298,0.52,0.52,0.5356277777777778,0.4782608695652174,RFE,5,Gradient Boosting
RFE + Logistic Regression,10,0.0027527909842319787,0.0012344580027274787,0.5533333333333333,0.5533333333333332,0.5794111111111111,0.541095890410959,RFE,10,Logistic Regression
RFE + Linear SVM,10,0.0021976249990984797,0.0008531669736839831,0.5533333333333333,0.5533333333333332,0.5796888888888889,0.541095890410959,RFE,10,Linear SVM
RFE + RBF-SVM,10,0.658262167009525,0.08550916699459776,0.6083333333333333,0.6083333333333334,0.6440777777777779,0.6191247974068071,RFE,10,RBF-SVM
RFE + Random Forest,10,0.23206787498202175,0.07042237499263138,0.6483333333333333,0.6483333333333333,0.6971388888888889,0.6477462437395659,RFE,10,Random Forest
RFE + Gradient Boosting,10,0.4207367080380209,0.0036255419836379588,0.5966666666666667,0.5966666666666667,0.6390777777777777,0.5939597315436241,RFE,10,Gradient Boosting
RFE + Logistic Regression,20,0.01663270901190117,0.0016179169761016965,0.5433333333333333,0.5433333333333333,0.5911888888888889,0.5508196721311476,RFE,20,Logistic Regression
RFE + Linear SVM,20,0.004368207999505103,0.0009863339946605265,0.545,0.5449999999999999,0.5908555555555556,0.5531914893617021,RFE,20,Linear SVM
RFE + RBF-SVM,20,0.92883950000396,0.09616512496722862,0.5983333333333334,0.5983333333333334,0.6700722222222222,0.5976627712854758,RFE,20,RBF-SVM
RFE + Random Forest,20,0.24683179100975394,0.06974416697630659,0.725,0.725,0.8109833333333334,0.729064039408867,RFE,20,Random Forest
RFE + Gradient Boosting,20,0.7892160840565339,0.0032280420418828726,0.6966666666666667,0.6966666666666667,0.7790888888888889,0.7026143790849673,RFE,20,Gradient Boosting
RFE + Logistic Regression,50,0.020900500006973743,0.002239916007965803,0.5616666666666666,0.5616666666666668,0.5908,0.562396006655574,RFE,50,Logistic Regression
RFE + Linear SVM,50,0.012765875027980655,0.0017682919860817492,0.5583333333333333,0.5583333333333333,0.5924333333333334,0.560530679933665,RFE,50,Linear SVM
RFE + RBF-SVM,50,1.0536722499527968,0.16833866602974012,0.6766666666666666,0.6766666666666667,0.7529166666666667,0.6755852842809364,RFE,50,RBF-SVM
RFE + Random Forest,50,0.26945908297784626,0.07129733299370855,0.8466666666666667,0.8466666666666667,0.9248000000000001,0.8491803278688524,RFE,50,Random Forest
RFE + Gradient Boosting,50,1.7895127499941736,0.004939999955240637,0.7366666666666667,0.7366666666666667,0.8328444444444445,0.7401315789473685,RFE,50,Gradient Boosting
RFE + Logistic Regression,100,0.02128366701072082,0.0032206669566221535,0.5516666666666666,0.5516666666666667,0.5947666666666667,0.556836902800659,RFE,100,Logistic Regression
RFE + Linear SVM,100,0.023630332958418876,0.002326750021893531,0.5483333333333333,0.5483333333333333,0.5966333333333333,0.5520661157024793,RFE,100,Linear SVM
RFE + RBF-SVM,100,1.1210618329932913,0.22178387502208352,0.62,0.62,0.684161111111111,0.6148648648648649,RFE,100,RBF-SVM
RFE + Random Forest,100,0.3355904169729911,0.07297291699796915,0.8133333333333334,0.8133333333333334,0.8835166666666667,0.8114478114478114,RFE,100,Random Forest
RFE + Gradient Boosting,100,3.429597292037215,0.00486233300762251,0.74,0.74,0.8228,0.7408637873754153,RFE,100,Gradient Boosting
RFE + Logistic Regression,200,0.03481224999995902,0.004362415987998247,0.5616666666666666,0.5616666666666668,0.6024666666666667,0.5609348914858097,RFE,200,Logistic Regression
RFE + Linear SVM,200,0.04444120801053941,0.004651791998185217,0.5566666666666666,0.5566666666666666,0.6036111111111111,0.5551839464882943,RFE,200,Linear SVM
RFE + RBF-SVM,200,1.496595582982991,0.23042449995409697,0.6183333333333333,0.6183333333333334,0.6602666666666668,0.6085470085470085,RFE,200,RBF-SVM
RFE + Random Forest,200,0.4244765409966931,0.07344595802715048,0.7583333333333333,0.7583333333333333,0.85595,0.7504302925989673,RFE,200,Random Forest
RFE + Gradient Boosting,200,6.6418816249934025,0.006549499987158924,0.76,0.76,0.8506555555555555,0.7654723127035831,RFE,200,Gradient Boosting
RFE + Logistic Regression,500,0.1907276250422001,0.010245167009998113,0.58,0.58,0.5994111111111111,0.5757575757575758,RFE,500,Logistic Regression
RFE + Linear SVM,500,0.16447770898230374,0.009004542022012174,0.58,0.5800000000000001,0.6021222222222222,0.5771812080536913,RFE,500,Linear SVM
RFE + RBF-SVM,500,3.2235230000223964,0.49009662499884143,0.5933333333333334,0.5933333333333334,0.6307555555555555,0.5892255892255892,RFE,500,RBF-SVM
RFE + Random Forest,500,0.6508301250287332,0.07583358301781118,0.7366666666666667,0.7366666666666666,0.8036333333333333,0.7256944444444444,RFE,500,Random Forest
RFE + Gradient Boosting,500,16.344061667041387,0.014623832947108895,0.7583333333333333,0.7583333333333333,0.8382222222222222,0.7579298831385642,RFE,500,Gradient Boosting
