test_index,posterior_probability,predictive_entropy,status
0,0.5318792821254272,0.6911132239346672,incorrect
1,0.4968655312723948,0.69312753064283,correct
2,0.49218335148492826,0.69302497559383,correct
3,0.31554104107565506,0.6234626211435446,incorrect
4,0.6354498752704679,0.6559913255731695,incorrect
5,0.6489525291565674,0.6480926542460084,correct
6,0.6027444252572565,0.6718831948716282,incorrect
7,0.45738754327807896,0.6895111285248954,correct
8,0.6594685656494093,0.6413873460880326,incorrect
9,0.6201249373575952,0.6640029305742257,correct
10,0.5869733591987935,0.6779412186853748,correct
11,0.5204517315894183,0.6923104004835818,correct
12,0.6589166507826356,0.6417514434211131,incorrect
13,0.5214563372422668,0.6922261489430805,correct
14,0.4329646829218621,0.6841325927569457,incorrect
15,0.618188200106085,0.6649441277439883,incorrect
16,0.43724910351924395,0.6852510254689301,correct
17,0.6451419520138361,0.6504022012164192,correct
18,0.3411334468857806,0.6417844256581328,correct
19,0.5972271413302432,0.6741199584687085,incorrect
20,0.4796779856656616,0.6923209844683307,correct
21,0.508845298607503,0.6929906937821593,incorrect
22,0.35478918323645287,0.6503610267803729,correct
23,0.518543685325013,0.69245928628176,correct
24,0.4272698788852954,0.6825302126619105,incorrect
25,0.32330316435936995,0.6293342640720089,incorrect
26,0.3298650621696249,0.6340830335777047,incorrect
27,0.64971867051473,0.6476206190901252,incorrect
28,0.38417786202089216,0.6660724007623502,correct
29,0.27162992502063477,0.5848732695044532,correct
30,0.6179035386728625,0.6650811245221624,incorrect
31,0.5028042273925265,0.693131453094956,correct
32,0.5980611866413155,0.6737899611268694,correct
33,0.6928318691460121,0.6168160537638481,incorrect
34,0.591259499097163,0.6763968527298375,correct
35,0.4556779601282502,0.6892131324993684,correct
36,0.3413468450590035,0.641924793129482,incorrect
37,0.7786370270615754,0.5286276255802465,correct
38,0.4308932752777893,0.6835650567302372,incorrect
39,0.48518883464430457,0.6927083751344012,incorrect
40,0.3958236969342906,0.6712819426928469,incorrect
41,0.6202052435066084,0.6639635605642686,correct
42,0.5603087940449591,0.6858551373418093,correct
43,0.3258423294139852,0.6311950600188736,incorrect
44,0.4395397386062185,0.6858183727645437,correct
45,0.3058513209781903,0.6157408938450326,incorrect
46,0.38800866590582167,0.6678489994394012,incorrect
47,0.5506736920882033,0.6880027064792684,correct
48,0.4660156058043517,0.690835520655305,correct
49,0.38937737739369055,0.668468765244332,correct
50,0.6560890849338462,0.643595547684569,correct
51,0.6519541653061054,0.6462285339647107,incorrect
52,0.5278324132632592,0.6915970930143454,incorrect
53,0.5898048437517655,0.6769294981337284,correct
54,0.6033457025189684,0.6716317592294553,correct
55,0.6227939279257955,0.6626797819912014,incorrect
56,0.4836984258446494,0.6926156037220709,incorrect
57,0.47736405159432915,0.6921220578994324,correct
58,0.502944207363869,0.6931298437457538,incorrect
59,0.3816261452990254,0.6648545942499664,correct
60,0.3411263820204625,0.641779775118759,incorrect
61,0.5007198840785861,0.693146144093414,incorrect
62,0.4083199464316677,0.6762412287724949,incorrect
63,0.41310985931696337,0.6779704529930334,incorrect
64,0.6998628999652277,0.6109804218715298,correct
65,0.5803413783056462,0.6801815731386329,correct
66,0.37295575673334064,0.6605100647508861,correct
67,0.4836898304149157,0.6926150428992943,incorrect
68,0.36545889043832375,0.6564945167526803,correct
69,0.8161048855978226,0.4772487244380592,incorrect
70,0.676748511462856,0.6292960885067203,correct
71,0.5212858382894683,0.6922407328209541,incorrect
72,0.6806382082107765,0.6263874579753544,correct
73,0.6429021410565664,0.651730107421358,correct
74,0.6411498457430643,0.6527537442020285,correct
75,0.5849659861468799,0.6786384381623902,incorrect
76,0.4408246019018204,0.6861272833213093,incorrect
77,0.3597044802930805,0.6532479738051773,correct
78,0.3137066170630203,0.6220343546981908,incorrect
79,0.3798096504567301,0.6639708643829851,correct
80,0.39214857287078125,0.6696994738132644,incorrect
81,0.5026080146523794,0.6931335770174056,incorrect
82,0.3926137542353114,0.6699029041748504,correct
83,0.6936600777750687,0.6161407830425043,correct
84,0.6099076134222414,0.6687893945585375,correct
85,0.5086329284196854,0.6929981182470748,correct
86,0.4087417743505703,0.6763973228509422,incorrect
87,0.37469121860188764,0.6614053012806376,incorrect
88,0.35124581716606734,0.6482144394477178,incorrect
89,0.4294311318591782,0.6831539172005184,incorrect
90,0.3873808991083544,0.6675621021294631,correct
91,0.4344743547192866,0.6845352096327699,correct
92,0.6092948676476323,0.6690624563937309,incorrect
93,0.4912027986442283,0.692992391069797,correct
94,0.591608507916488,0.6762677555336368,correct
95,0.4690405337348913,0.6912289766409634,correct
96,0.3567265794229354,0.6515115012338746,correct
97,0.6298237483887262,0.6590494181246983,correct
98,0.6968689495005694,0.6134939389155667,correct
99,0.5015289242980465,0.6931425053336411,incorrect
100,0.2410715341995086,0.552311919361279,correct
101,0.30585432552040887,0.6157433563077195,incorrect
102,0.6077325233163716,0.6697515584757283,incorrect
103,0.6094688730571814,0.6689850736321823,correct
104,0.3952451147447695,0.671036561920849,correct
105,0.38895534912006496,0.6682785074077133,incorrect
106,0.39912813178789547,0.6726565708313248,correct
107,0.5549827209127723,0.687088736528227,incorrect
108,0.7060226885764892,0.6056745924765146,correct
109,0.4452751015081276,0.6871455353057541,incorrect
110,0.4260849692412825,0.6821801662036071,incorrect
111,0.5085769157459498,0.6930000463762215,incorrect
112,0.5913211698642988,0.6763740775849615,correct
113,0.3330245306828715,0.6362999080172216,correct
114,0.33190929299212407,0.6355225327335849,correct
115,0.47098467153610407,0.6914624556761627,correct
116,0.5234419745549621,0.6920477252247565,correct
117,0.44655507571738334,0.68742353228475,correct
118,0.3638376449982443,0.6555943265966553,incorrect
119,0.3012957065151033,0.6119581574172108,correct
120,0.2530305499392502,0.5656401182475165,correct
121,0.6679790203952966,0.635600636344938,correct
122,0.633727842678855,0.6569418097418583,correct
123,0.4168292977375877,0.6792479324246299,correct
124,0.38233082779974087,0.6651936586244076,correct
125,0.49679261307292677,0.6931266057570376,incorrect
126,0.4415481341058781,0.6862982891991046,correct
127,0.2627539041035847,0.5759177501732196,correct
128,0.7170487218268543,0.5957191301691693,correct
129,0.3927507597884509,0.6699626456303078,correct
130,0.7146974978489229,0.5978918595669207,correct
131,0.4392544986280958,0.6857488856865372,incorrect
132,0.35464313667148234,0.6502736365516324,correct
133,0.39354601811691886,0.6703078651049013,incorrect
134,0.2891018254701771,0.6013455112453279,correct
135,0.5150203863038448,0.692695888658299,correct
136,0.4993158460355954,0.6931462444263592,correct
137,0.581662546493071,0.6797496989841534,correct
138,0.5479234203661618,0.6885468133222163,incorrect
139,0.33416247643499675,0.6370873403119499,correct
140,0.3625520933198899,0.6548724578022929,correct
141,0.36676119809332797,0.6572094078137305,incorrect
142,0.35088292324075476,0.6479914904979553,incorrect
143,0.5585711354321533,0.6862702461587873,incorrect
144,0.6363628990190383,0.6554821865298963,incorrect
145,0.49213873298976923,0.6930235764291888,incorrect
146,0.40656968508021074,0.6755856877938191,incorrect
147,0.5354143723874508,0.6906367235143106,incorrect
148,0.4473189198444561,0.6875862725798045,correct
149,0.46725019740638657,0.6910005449651138,correct
150,0.6549188278610106,0.6443483998999406,correct
151,0.5300096365491911,0.6913449410387709,incorrect
152,0.647150825221975,0.6491925708186022,correct
153,0.2697865625368393,0.583046434825595,correct
154,0.37764439831390295,0.6628991604450265,correct
155,0.5397038936716785,0.6899910604499513,correct
156,0.29556150412776494,0.6070565351662037,incorrect
157,0.636733252866993,0.6552746354388115,correct
158,0.41203640468823605,0.677591160229041,incorrect
159,0.47242381608595907,0.6916255167444321,correct
160,0.3693487219939902,0.6586081495265399,incorrect
161,0.7288095017689084,0.5844393445181719,correct
162,0.5384306375426074,0.6901904374953698,incorrect
163,0.35760592775560546,0.6520282810028852,correct
164,0.3872371809618136,0.6674961875633605,correct
165,0.5288602512350078,0.6914804261278058,incorrect
166,0.4107002605575969,0.6771124039392509,incorrect
167,0.6319416787741945,0.6579141938183801,correct
168,0.5113355391218523,0.6928901696466214,incorrect
169,0.5426683067107444,0.6895015794709674,correct
170,0.5030802816220503,0.6931282041701683,correct
171,0.5817954732093776,0.679705849757258,correct
172,0.5170569763050306,0.6925651867642475,incorrect
173,0.4608977212138963,0.6900860794235375,correct
174,0.5030202734160918,0.6931289363459787,incorrect
175,0.6515405936391253,0.6464877312957475,incorrect
176,0.3429072118930103,0.6429450083947762,incorrect
177,0.3675042729196668,0.6576140398185908,correct
178,0.5703595904348233,0.6832132987970647,correct
179,0.4595241799592062,0.6898670084626806,correct
180,0.44101434041749904,0.6861723331781977,incorrect
181,0.6773199178427758,0.6288731474916927,incorrect
182,0.4185097237434591,0.6798064186289989,incorrect
183,0.5323536969130443,0.6910521937529862,incorrect
184,0.5058670752525475,0.6930783338359356,incorrect
185,0.4463671912486217,0.6873831409526105,incorrect
186,0.42120377548111787,0.6806775733756318,correct
187,0.5238985882682038,0.6920044601812003,incorrect
188,0.4540880229154946,0.6889254168313171,correct
189,0.39636619822862956,0.6715107497112776,correct
190,0.4105664452235285,0.6770640500690777,incorrect
191,0.5846626743524151,0.6787423432611636,correct
192,0.3251661909346726,0.6307024323195012,correct
193,0.4658899945445491,0.690818387294146,correct
194,0.4180790563978621,0.6796643935612787,correct
195,0.7309677260472285,0.5822939404814129,correct
196,0.4638974675358514,0.6905381250117699,correct
197,0.22723254548404148,0.5359107111334402,incorrect
198,0.24554099878848812,0.5573831982223509,correct
199,0.43938285808342,0.6857801961033452,correct
200,0.41952664688163593,0.6801387544528774,correct
201,0.6086130385459075,0.6693644503725354,correct
202,0.5888214108269743,0.6772846420532898,correct
203,0.7139244791182997,0.5986002653993899,correct
204,0.31799120303605644,0.6253460005380114,correct
205,0.21099074254989963,0.5152663756871669,correct
206,0.5730606578231754,0.6824331425677338,correct
207,0.7575965282137059,0.5538345615409044,correct
208,0.5932390123542632,0.6756579557859408,correct
209,0.5378638270409937,0.690277094913804,correct
210,0.4304987513372449,0.6834549798094469,correct
211,0.5822324083561979,0.6795612039752499,incorrect
212,0.4507615212674084,0.6882904572908797,incorrect
213,0.3444392206558555,0.6439361692830325,correct
214,0.30678063241463926,0.6165005127297019,correct
215,0.7132604534278534,0.5992064521095788,incorrect
216,0.6439944111483453,0.651085272011881,correct
217,0.6475645657846255,0.648941246268174,correct
218,0.3301741837365753,0.6343019214264758,correct
219,0.44846722689812435,0.6878264838323874,correct
220,0.3239324790152644,0.6297981917737451,incorrect
221,0.5762927287058627,0.6814604214342095,correct
222,0.2308686711555876,0.5403238380601861,correct
223,0.3894334896269759,0.6684940052078276,correct
224,0.534675715909165,0.6907404385895334,correct
225,0.3933414440953778,0.6702193133074136,correct
226,0.7294652717615784,0.5837899678541288,incorrect
227,0.6128819818523483,0.667441468991361,incorrect
228,0.3994730963137292,0.6727974474737417,correct
229,0.39658820743658424,0.6716040302720256,incorrect
230,0.37638426331759217,0.6622662694743877,correct
231,0.5081863493187494,0.6930131419407173,incorrect
232,0.5172084549721854,0.6925548017347529,correct
233,0.5231137912836373,0.6920783049789596,correct
234,0.45927586834683193,0.6898265936992661,incorrect
235,0.6548109175868544,0.6444175156646443,correct
236,0.5496700651175479,0.6882048020724774,incorrect
237,0.3135009748537061,0.621873270088769,correct
238,0.40862115566907276,0.6763527640409246,correct
239,0.3373804216956204,0.639282617500984,incorrect
240,0.27629343981828697,0.5894184471281464,correct
241,0.44661834460836314,0.6874371016587704,correct
242,0.6173062728530055,0.6653674505622701,correct
243,0.5021428393691407,0.6931379970107089,incorrect
244,0.32650832027963844,0.6316782597289674,correct
245,0.7083554740442355,0.6036176047903923,correct
246,0.4113930802283035,0.6773615697741501,incorrect
247,0.49968944435999885,0.6931469876703218,correct
248,0.4744363420204631,0.6918396093277422,correct
249,0.5133364621597917,0.6927914159225721,correct
250,0.5802185844508131,0.680221348873884,correct
251,0.5852509398142877,0.6785404767572317,incorrect
252,0.7605804024877413,0.5504099860924029,incorrect
253,0.5330410602523714,0.6909621653399958,incorrect
254,0.36663606164618934,0.657141032499244,correct
255,0.7721304812575892,0.5366892145715688,correct
256,0.4402351670059526,0.6859864013924504,correct
257,0.691393926413579,0.6179808113243851,incorrect
258,0.3508014932457847,0.6479413834262394,incorrect
259,0.2972164348587224,0.6084873122829768,incorrect
260,0.30508670823111145,0.6151128496214398,incorrect
261,0.6271240384134871,0.6604685929857386,correct
262,0.617752823926591,0.6651535188591149,correct
263,0.5266674924102562,0.6917241951663962,incorrect
264,0.5256700690881579,0.6918286960969215,correct
265,0.6866753965325724,0.6217349575086846,correct
266,0.4096214606693862,0.6767204753165652,correct
267,0.5120297285742028,0.6928577238913416,incorrect
268,0.5226222566609359,0.6921232980742295,correct
269,0.29951284017101876,0.6104509673403591,correct
270,0.32009919019214966,0.6269442017362837,incorrect
271,0.6841746929444326,0.6236825525971852,correct
272,0.3410877799008131,0.641754360850345,correct
273,0.5188599745722217,0.6924356144867707,incorrect
274,0.43963748424653604,0.6858421085164503,correct
275,0.6244873862388555,0.6618245339221918,incorrect
276,0.35872848327944135,0.6526830992679291,incorrect
277,0.37769351740488255,0.6629236931781064,incorrect
278,0.2691053694331822,0.5823669886048004,incorrect
279,0.7490572868395554,0.5633684529748174,correct
280,0.2252743437542282,0.5335029230895523,incorrect
281,0.3894967518003338,0.6685224454208598,correct
282,0.4097500803281373,0.6767674555166926,incorrect
283,0.3892918553600352,0.6684302709229178,incorrect
284,0.5652760218141909,0.6846008882565768,correct
285,0.49124904497812927,0.6929940143122295,correct
286,0.4465595185057765,0.6874244856649855,correct
287,0.38273090861183756,0.6653852252208914,incorrect
288,0.468154302502594,0.6911175101022986,incorrect
289,0.3108678192197359,0.6197932638093698,correct
290,0.3433691492827435,0.6432449630530934,correct
291,0.4835477666910456,0.6926057308685942,correct
292,0.5798863025443599,0.6803286721727824,correct
293,0.8683280418577685,0.38955271625164156,correct
294,0.5760809752911694,0.6815254592380867,correct
295,0.6847126500364955,0.623266028967332,correct
296,0.6560418966490791,0.6436260223205073,incorrect
297,0.5953372515337487,0.6748570124760933,incorrect
298,0.31294229455175954,0.6214346497955769,incorrect
299,0.4224343146836044,0.6810655754758796,incorrect
300,0.3361901497945032,0.6384760254817821,correct
301,0.30796287359654,0.6174610079949905,correct
302,0.5012688109638356,0.6931439607939658,correct
303,0.44050814066283567,0.6860518205840251,incorrect
304,0.5069154552678381,0.6930515304671367,correct
305,0.6501896511253358,0.6473291584959795,correct
306,0.3110990952751156,0.619977249827522,correct
307,0.5209627270727697,0.6922680510541809,correct
308,0.41851971538948496,0.6798097046175677,incorrect
309,0.3965821016851416,0.6716014676017744,correct
310,0.601288531917796,0.6724857520446395,incorrect
311,0.5623869060957014,0.685342603420355,correct
312,0.23760656677964856,0.5483053275470482,correct
313,0.6923544780218697,0.6172038246430414,correct
314,0.7171908545674751,0.5955869155398862,correct
315,0.4937379902973093,0.6930687529785955,correct
316,0.521281454872223,0.6922411062270111,incorrect
317,0.2514463767837999,0.5639185803936084,correct
318,0.6770228714744256,0.6290932002990126,correct
319,0.4763326589538595,0.692026475773216,incorrect
320,0.7090033281554345,0.6030416760673322,incorrect
321,0.3861637815982568,0.6670011323655105,correct
322,0.5929525125155093,0.6757659026267019,incorrect
323,0.6122600004612246,0.6677264187411089,correct
324,0.6559840843487724,0.6436633445944784,incorrect
325,0.43728546342686075,0.6852601976238112,correct
326,0.3617082732125651,0.6543947454208552,correct
327,0.5625282129434191,0.6853071153394958,incorrect
328,0.5528032523284007,0.6875604018389867,correct
329,0.5878002853709189,0.6776491705800971,incorrect
330,0.685950316090956,0.622302650269106,correct
331,0.5596790952928844,0.6860069813336409,correct
332,0.6855438720912215,0.6226198029331365,correct
333,0.524215554262698,0.6919739355169754,correct
334,0.49826803134677805,0.693141181117116,correct
335,0.6958531655067937,0.6143370694516564,correct
336,0.28874150282956085,0.6010209949242165,correct
337,0.30432544996010835,0.6144848212636602,correct
338,0.5970824246989133,0.6741769223992493,incorrect
339,0.4865999952374382,0.6927880173031973,incorrect
340,0.32419511828607644,0.6299912732162518,correct
341,0.3519647048493287,0.6486543920028045,correct
342,0.6956065243896702,0.614541052872412,correct
343,0.6163119791344827,0.6658407607802543,incorrect
344,0.3591299592980948,0.6529159612572151,incorrect
345,0.3326000231252011,0.6360046660235246,correct
346,0.46560845641508913,0.6907797551947998,correct
347,0.5986125204189886,0.6735702324829194,correct
348,0.33323441001903426,0.6364455778592257,incorrect
349,0.46810448945090777,0.6911111511928014,correct
350,0.48913454998405353,0.6929110459647463,correct
351,0.6714828230941335,0.6331235464314511,correct
352,0.345079336647568,0.6443472238350766,correct
353,0.5135762059884036,0.6927785085132794,incorrect
354,0.3715514626172929,0.6597762350427716,correct
355,0.2935339685843152,0.605285686325844,correct
356,0.7086955224719238,0.6033155623630959,correct
357,0.6063604583705142,0.6703482892329644,correct
358,0.6244138092638238,0.661861946503892,correct
359,0.2614536398846187,0.5745718940141403,correct
360,0.5309035017842103,0.6912359097522032,incorrect
361,0.43863846585547434,0.685597687322,correct
362,0.557577704542035,0.6865020641553299,correct
363,0.485623883220458,0.6927337781222946,incorrect
364,0.7380863937314703,0.57504898784971,incorrect
365,0.42309029653061125,0.681269877139405,correct
366,0.5141349648048348,0.6927475328576111,incorrect
367,0.4467855554593952,0.6874728856560377,correct
368,0.5452888551405907,0.6890393920296496,correct
369,0.6196964251395801,0.6642125455375743,correct
370,0.39901613806570396,0.6726107281370144,correct
371,0.37266324996569994,0.6603579077734159,correct
372,0.765133524986419,0.5450900224387782,incorrect
373,0.5228208871506116,0.6921052328439425,incorrect
374,0.36695738768709046,0.6573164712835109,incorrect
375,0.5909847231629732,0.6764981368077432,correct
376,0.6194924861374274,0.6643120325426144,correct
377,0.3934306502396293,0.6702579485919591,incorrect
378,0.3938724040135251,0.6704487812834193,correct
379,0.6203673609516309,0.6638839992213557,correct
380,0.5426959695679445,0.6894968451091052,incorrect
381,0.5753022024665401,0.6817630718372063,correct
382,0.677880499689011,0.6284567668125214,correct
383,0.3361526454484552,0.6384505074180039,incorrect
384,0.6389566802937462,0.6540161223093144,correct
385,0.6524557819068643,0.6459131447092077,correct
386,0.6702931147003734,0.6339708619392419,incorrect
387,0.6631464357821504,0.6389263730389765,correct
388,0.5765267960443426,0.6813883164664227,incorrect
389,0.4276228670492167,0.6826333831875719,correct
390,0.3862254427477986,0.667029702226823,incorrect
391,0.5917145542031517,0.6762284295064719,incorrect
392,0.3206849974967256,0.6273847116022612,incorrect
393,0.5235423327995512,0.6920382877509265,correct
394,0.6011674483527176,0.67253546706348,correct
395,0.7218849438967034,0.591164236129716,correct
396,0.663117168483675,0.6389461952539388,correct
397,0.3975209973659218,0.6719937060287273,correct
398,0.6334267707587132,0.6571066750620473,incorrect
399,0.5674589213781994,0.6840179534830834,incorrect
400,0.588792779826914,0.677294921617583,correct
401,0.59700407777855,0.6742077253000198,incorrect
402,0.5027795035541375,0.6931317292003487,incorrect
403,0.4592314896256917,0.6898193445449383,incorrect
404,0.5586363173602861,0.6862548959924488,correct
405,0.48507562369062973,0.6927016403708794,correct
406,0.6120480736820937,0.667823136972185,incorrect
407,0.6648735591220217,0.6377498279156462,correct
408,0.4683436838438748,0.691141594704279,incorrect
409,0.4890414539616114,0.692906981864974,correct
410,0.48627536855585485,0.6927704022203731,correct
411,0.5112984305685658,0.6928918497613077,correct
412,0.5486469679897464,0.6884066298822787,correct
413,0.501427360895369,0.6931431058361596,incorrect
414,0.4973217973441891,0.6931328349524152,correct
415,0.40810485661331364,0.6761613529832866,incorrect
416,0.41099662272117105,0.6772192303735729,incorrect
417,0.6006227097073782,0.6727583719617352,correct
418,0.4174898345518985,0.6794688454614938,incorrect
419,0.40820814651354614,0.6761997346381844,incorrect
420,0.3349818194428915,0.6376507024254214,incorrect
421,0.33364418166902576,0.6367294145659994,correct
422,0.4444737162616927,0.6869681066794856,incorrect
423,0.28758263048275023,0.5999729944745433,correct
424,0.5987382013586636,0.6735199665404857,correct
425,0.5577495595424672,0.6864622478665083,correct
426,0.5196981627915762,0.6923709444569256,incorrect
427,0.4725073719632752,0.6916347287097756,correct
428,0.626649700074041,0.6607147197801585,correct
429,0.7200054050767234,0.5929482124875586,incorrect
430,0.6758329933342242,0.6299706217733554,incorrect
431,0.6121480624139402,0.6677775281162135,correct
432,0.31977741527707393,0.6267015656288468,correct
433,0.331081908794816,0.6349421817666112,correct
434,0.3847483400653822,0.666340894617333,incorrect
435,0.6266388458556474,0.6607203406086608,correct
436,0.25794667639106006,0.5708982297062833,incorrect
437,0.6252180548596458,0.6614517487048531,correct
438,0.6874831800449411,0.621099635714208,incorrect
439,0.7245447190122282,0.5886096073488871,incorrect
440,0.5974395663728183,0.6740361851892236,correct
441,0.4276922116858113,0.6826535912400384,correct
442,0.5347612168108062,0.6907285456102061,correct
443,0.44264923271357287,0.6865544587640982,correct
444,0.5366721623834543,0.6904550688818787,incorrect
445,0.6002138172430301,0.6729248763265907,correct
446,0.617756654264667,0.6651516801854923,correct
447,0.7306724373267305,0.5825888711197995,correct
448,0.4751487815581398,0.6919115053955676,correct
449,0.40217776729996063,0.6738848010388225,correct
450,0.6321242009876009,0.6578154587745577,correct
451,0.7793969807705756,0.5276701237521397,correct
452,0.4763002758135219,0.6920234056871433,incorrect
453,0.5412581754390019,0.6897388324365349,incorrect
454,0.40272512258074794,0.6741011493058483,correct
455,0.6368001695798565,0.6552370712025374,incorrect
456,0.5690270587447814,0.6835872074657878,incorrect
457,0.49310149003982046,0.693051998660701,correct
458,0.339261982044167,0.6405447407970387,incorrect
459,0.4570244858703717,0.6894488294102588,correct
460,0.599157598228052,0.6733517534616715,incorrect
461,0.3344634735740414,0.6372946496978701,correct
462,0.4681196110113325,0.6911130825964595,correct
463,0.42770782264855617,0.6826581377962495,correct
464,0.6046764992881437,0.6710698879613577,correct
465,0.4535914161331168,0.6888334609444793,correct
466,0.5281642566598076,0.6915598898450328,incorrect
467,0.6245664256694267,0.6617843180593086,correct
468,0.4579253323675231,0.6896024348560434,incorrect
469,0.6839893093887687,0.6238257790283465,incorrect
470,0.5974647512371676,0.6740262406870923,correct
471,0.46327641223958266,0.6904475064746709,correct
472,0.5214866985564295,0.6922235397243977,incorrect
473,0.29526275253551376,0.6067968478358583,correct
474,0.44160697679927163,0.686312103232031,incorrect
475,0.7331427736341085,0.5801078489518975,correct
476,0.5128373959326971,0.692817546870231,incorrect
477,0.45748349089162765,0.6895275040012832,incorrect
478,0.5627633468776293,0.6852478834953843,incorrect
479,0.3362329894623651,0.6385051660021882,incorrect
480,0.5935571002785816,0.6755377087647773,correct
481,0.7272468113413185,0.585978035714148,correct
482,0.528348963237809,0.6915389908502159,correct
483,0.29833531402780594,0.6094472121468736,incorrect
484,0.6389697510821754,0.6540086606270319,incorrect
485,0.5312091274723194,0.6911978943830077,correct
486,0.42208944912276725,0.6809574618464445,incorrect
487,0.38469153592074407,0.6663142215544374,correct
488,0.5007006127901881,0.6931461988430605,incorrect
489,0.6170578925619401,0.6654860781409055,correct
490,0.5263383841184123,0.6917591172451243,incorrect
491,0.5003038130837041,0.6931469959551543,incorrect
492,0.6440273824976233,0.6510657260841353,correct
493,0.6421500949420915,0.6521710661197455,correct
494,0.3322156201629229,0.6357366161010832,incorrect
495,0.6541373244436092,0.6448477831296595,correct
496,0.5905177240158116,0.6766695590202078,correct
497,0.364560024702771,0.6559968264713876,incorrect
498,0.3753234675205385,0.6617282504682749,incorrect
499,0.558468174377835,0.6862944581004427,incorrect
500,0.4968839978972005,0.6931277614960356,incorrect
501,0.3792682043370389,0.6637047405001346,incorrect
502,0.4819956001442145,0.6924987235539916,correct
503,0.30263036754230904,0.6130765607858459,correct
504,0.498163982036845,0.6931404386208719,incorrect
505,0.44397362886267683,0.6868560682283156,incorrect
506,0.5234380791089754,0.6920480907301092,correct
507,0.6877900735072034,0.6208574681075034,incorrect
508,0.6387460222732864,0.6541362778875172,correct
509,0.7144912397006913,0.5980811640477479,correct
510,0.41374671357715265,0.6781932315647012,correct
511,0.6355552665982654,0.6559327388881213,incorrect
512,0.5989739671060853,0.673425494955104,incorrect
513,0.5386893544068532,0.6901504536154321,correct
514,0.6186848214375865,0.6647043006999969,incorrect
515,0.48234828964939896,0.6925238852935798,correct
516,0.4792027554932567,0.692281880191413,correct
517,0.303845774847644,0.6140876898682881,correct
518,0.3309805187884559,0.63487085138954,correct
519,0.5651714771775964,0.6846283197382463,correct
520,0.44874307010297854,0.6878833925110218,incorrect
521,0.4126715247061222,0.6778161468703803,incorrect
522,0.4381461875379849,0.6854757552482037,incorrect
523,0.4338962941825417,0.6843821419953802,correct
524,0.6683653865569248,0.6353302071456917,correct
525,0.2598683345615052,0.5729191541665928,correct
526,0.6430579429452626,0.6516384457417568,correct
527,0.3012479626836821,0.6119179929756247,correct
528,0.6536814125394346,0.6451378653453235,correct
529,0.5372364465771748,0.6903715055766741,incorrect
530,0.5296252031844958,0.6913908467553134,incorrect
531,0.5730307267089173,0.6824419509491335,correct
532,0.5272608643383697,0.6916601338620911,correct
533,0.42253628919224934,0.6810974505899353,incorrect
534,0.6861552555780073,0.6221424429808543,correct
535,0.684624298158989,0.6233345290787726,incorrect
536,0.4051141599100427,0.6750308678518662,incorrect
537,0.6790837996242279,0.6275581357320588,correct
538,0.28439504023183915,0.59705650822622,correct
539,0.48294495647957697,0.6925653186778031,correct
540,0.6301392071760518,0.6588815507140018,incorrect
541,0.6158429835141923,0.6660625638249598,incorrect
542,0.4548567480529995,0.6890657985786396,correct
543,0.5232010399336404,0.692070217379825,incorrect
544,0.5108746438332477,0.6929106461528485,incorrect
545,0.6770315204556145,0.6290867988133456,correct
546,0.5349346714713544,0.6907043281935821,incorrect
547,0.4636262704985586,0.69049874526749,incorrect
548,0.3827437394669109,0.6653913576735214,incorrect
549,0.37856616573093066,0.6633578303356071,correct
550,0.5695615257456986,0.6834381058740203,incorrect
551,0.45270590844944336,0.688667023759755,correct
552,0.5282923339374603,0.6915454128379198,correct
553,0.48780009088801324,0.6928494754513137,correct
554,0.7022787910996211,0.6089211052317314,correct
555,0.36987096584297374,0.6588869708195457,correct
556,0.41515433038597105,0.6786797001690215,incorrect
557,0.2966359552525334,0.6079869514028833,incorrect
558,0.46811052231165773,0.691111921850989,correct
559,0.5815359482775819,0.6797913930838246,correct
560,0.510765559175454,0.6929153681183351,correct
561,0.6142543112288301,0.6668069915549537,incorrect
562,0.39054927553969887,0.6689931505214318,incorrect
563,0.6253193277211279,0.6613998998145196,correct
564,0.5304198574286036,0.6912953016736135,incorrect
565,0.4476048824516653,0.6876465909576702,correct
566,0.48332329493788545,0.692590852401826,incorrect
567,0.611130158133703,0.6682398679304005,incorrect
568,0.2642912054321537,0.5774976976033892,correct
569,0.8464331540026749,0.42884657261931636,correct
570,0.3847144845431386,0.6663249989946156,incorrect
571,0.503731942249867,0.6931193255153971,correct
572,0.45264209469393457,0.6886549072902945,correct
573,0.5555436489169696,0.6869642331998619,incorrect
574,0.5444406120856329,0.6891920273863117,incorrect
575,0.6511236836361805,0.6467482583439903,incorrect
576,0.5287839231035889,0.6914892356382762,correct
577,0.4681705289798003,0.6911195793492759,incorrect
578,0.3818437637486088,0.6649595278465528,incorrect
579,0.5519920647798797,0.687731045703354,incorrect
580,0.5983306652118159,0.6736827211181109,incorrect
581,0.7547787351412539,0.5570240090512436,correct
582,0.49443303767502983,0.6930851971402314,correct
583,0.5135163972000463,0.6927817500580866,incorrect
584,0.5264562125491754,0.691746664257554,correct
585,0.4830970435928715,0.6925756517993347,incorrect
586,0.5894215916138738,0.6770683759427167,correct
587,0.494540332975662,0.6930875634471693,incorrect
588,0.40816727405338954,0.6761845520575198,incorrect
589,0.283263373788616,0.5960090982414179,correct
590,0.4415030415209298,0.6862876936669213,correct
591,0.6375732695162883,0.6548016810008654,correct
592,0.4918726915774665,0.6930150684575836,correct
593,0.45679378414868627,0.6894089659738982,correct
594,0.530972664110379,0.6912273398047271,correct
595,0.5573868543054846,0.6865461410574945,correct
596,0.4536323462329602,0.6888410775292838,incorrect
597,0.6014232650354628,0.6724303608487301,correct
598,0.6034412920038535,0.6715916474976868,correct
599,0.29787687916874206,0.6090546393006859,correct
